key,bn,en,used_in
"shell.cover","(বদলি)","(cover)","shell"
"shell.glc_230982_58y_f_01711_234567","Rahima Begum রহিমা","⟦GLC-230982⟧ · 58y F · 01711-234567","shell"
"shell.glc_240117_42y_f_01711_234567","Rahima Khatun রহিমা","⟦GLC-240117⟧ · 42y F · 01711-234567","shell"
"shell.glc_240231_35y_m_01552_908871","Karim Uddin করিম","⟦GLC-240231⟧ · 35y M · 01552-908871","shell"
"shell.glc_240305_27y_f_01915_667120","Nusrat Jahan নুসরাত","⟦GLC-240305⟧ · 27y F · 01915-667120","shell"
"ds.1_change_could_not_be_sent","১টি পরিবর্তন পাঠানো যায়নি","1 change could not be sent: vitals for Bed 12 conflict with another device.","ds"
"shell.1_critical_value","১টি জরুরি মান","1 critical value","shell"
"consult.1_interaction","১টি মিথস্ক্রিয়া","1 interaction","consult"
"consult.1_network_record_hidden","নেটওয়ার্কের ১টি রেকর্ড লুকানো","1 network record hidden","consult"
"shell.1_stat","১টি STAT","1 STAT","shell"
"shell.1_unsigned_draft_at_green_life","গ্রিন লাইফে ১টি খসড়া স্বাক্ষর বাকি (নুসরাত জাহান)। এটি গ্রিন লাইফেই থাকবে।","1 unsigned draft at Green Life (Nusrat Jahan) stays there. Sign it later from Green Life.","shell"
"nursing.10_hour_awake","ঘণ্টায় ১০ বার","10×/hour awake","nursing"
"shell.12_min","অপেক্ষা ১২ মিনিট","12 min","shell,ds"
"shell.15_not_yet_arrived","১৫ জন এখনো আসেননি","15 not yet arrived","shell"
"shell.18_bills","৳ 12,300","18 bills","shell"
"shell.18_min_left","১৮ মিনিট বাকি","18 min left","shell"
"pharmacy.180_in_stock","৳ 14/tab","180 in stock","pharmacy"
"shell.2_bills_voided","২টি বিল বাতিল","2 bills voided","shell"
"shell.2_past_tat","২টি TAT পার","2 past TAT","shell"
"pharmacy.2_short","২টি কম","2 short","pharmacy"
"frontDesk.2_sms_confirmations_failed_phone_off","২টি SMS পৌঁছায়নি — নম্বর বন্ধ বা ভুল।","2 SMS confirmations failed — phone off or wrong number.","frontDesk"
"shell.25_min_over","২৫ মিনিট পার","25 min over","shell"
"pharmacy.29_09_app","সকালেরটা মাঝে মাঝে বাদ পড়ে”","29/09 app","pharmacy"
"consult.3_changes_queued","৩টি পরিবর্তন অপেক্ষমাণ","3 changes queued","consult"
"shell.3_doctors","৩ জন ডাক্তার","3 doctors","shell"
"shell.3_lab_reports_past_tat","৩টি ল্যাব রিপোর্ট TAT পার","3 lab reports past TAT","shell"
"doctorApp.3_not_synced","৩টি সিঙ্ক বাকি","3 not synced","doctorApp"
"ds.3_of_4_results","৩/৪ ফলাফল","3 of 4 results","ds"
"ds.3_queued","৩টি অপেক্ষমাণ","3 queued","ds"
"shell.3_waiting","৩ জন অপেক্ষায়","3 waiting","shell"
"nursing.3_daily","দিনে ৩ বার","3× daily","nursing"
"ipd.30_days","৩০ দিন","30 days","ipd"
"shell.30_min","৩০ মিনিট","30 min","shell"
"pharmacy.4_batches_added_insulin_shortfall_2","স্টকে যোগ হয়েছে","4 batches added. Insulin shortfall (2) raised as a debit note to Novo Nordisk distributor.","pharmacy"
"consult.4_min_52_s_audio_bangla","কথোপকথন ১০:৩১–১০:৩৬","4 min 52 s audio (Bangla + English)","consult"
"erOt.42_dob_03_05_1984","~৪০ (আনুমানিক)","42 · DOB 03/05/1984","erOt"
"shell.5_min","৫ মিনিট","5 min","shell"
"nursing.5_rights","৫টি সঠিক","5 rights","nursing"
"shell.6_bills","৬টি বিল","6 bills","shell"
"shell.6_medicines_expire_in_30_days","৬টি ওষুধের মেয়াদ ৩০ দিনে শেষ","6 medicines expire in 30 days","shell"
"shell.6_medicines_expiring","৬টি ওষুধের মেয়াদ শেষ হচ্ছে","6 medicines expiring","shell"
"ipd.7_days","৭ দিন","7 days","ipd"
"ipd.7_days_highlighted","৭+ দিন লাল","7+ days highlighted","ipd"
"nursing.72_h_chart","চার্ট","72 h chart","nursing"
"shell.8_min","৮ মিনিট","8 min","shell"
"ds.8_1_of_bill","এক হাজার টাকা মাত্র","8.1% of bill","ds"
"shell.8_above_last_tuesday","গত মঙ্গলবারের চেয়ে ৮% বেশি","8% above last Tuesday","shell"
"billing.80_mm","থার্মাল","80 mm","billing"
"shell.89_of_revenue","আয়ের ৮৯%","89% of revenue","shell"
"pharmacy.90_in_stock","৳ 16/tab","90 in stock","pharmacy"
"frontDesk.a_new_patient_will_be_created","নতুন রোগী তৈরি হবে","A new patient will be created. Candidates are marked","frontDesk"
"print.a_newer_version_exists","নতুন সংস্করণ আছে","A newer version exists","print"
"journeys.a_read_aloud_button_is_available","পড়ে শোনান বোতাম আছে","A read-aloud button is available","journeys"
"billing.a_reason_is_required_for_every","কারণ লিখুন","A reason is required for every discount.","billing"
"billing.a_reason_is_required_the_manager","কারণ ছাড়া হস্তান্তর করা যাবে না","A reason is required. The manager sees this before approving.","billing"
"lab.a_report_can_be_sent_only","রিপোর্ট প্রকাশ না হলে পাঠানো যাবে না","A report can be sent only after it is validated and released.","lab"
"billing.a_wallet_payment_only_counts_once","পেমেন্ট সার্ভার নিশ্চিত না করা পর্যন্ত “পরিশোধিত” দেখাবে না","A wallet payment only counts once the gateway confirms it.","billing"
"consult.abdomen","পেট","Abdomen","consult"
"sample.abdul_hai","আব্দুল হাই","Abdul Hai","frontDesk,nursing"
"sample.abdur_rahim","আব্দুর রহিম","Abdur Rahim","shell,frontDesk,erOt,ds"
"admin.about","আনুমানিক সময়","About","admin"
"billing.above_your_limit_of","আপনার সীমার বেশি","Above your limit of","billing"
"common.accept","গৃহীত","Accept","lab,network,journeys"
"lab.accept_all","সব গ্রহণ","Accept all","lab"
"network.accept_all_6","সব গ্রহণ","Accept all 6","network"
"lab.accept_selected","কিছু গ্রহণ","Accept selected","lab"
"lab.accepted","গৃহীত","Accepted","lab,network"
"network.access_closed_after","প্রবেশ বন্ধ","Access closed after","network"
"lab.accession","বিভাগ","Accession","lab"
"billing.accountant","অ্যাকাউন্ট্যান্ট","Accountant","billing"
"shell.accounts","হিসাবরক্ষণ","Accounts","shell"
"shell.accounts_needs_the_owner_or_accountant","হিসাবরক্ষণ (Accounts) দেখতে মালিক বা অ্যাকাউন্ট্যান্ট ভূমিকা লাগে।","Accounts needs the Owner or Accountant role.","shell"
"consult.acknowledge","স্বীকার করুন","Acknowledge","consult,nursing"
"network.acknowledge_and_add_plan_to_record","পড়েছি","Acknowledge & add plan to record","network"
"network.acknowledge_results","দেখেছি","Acknowledge results","network"
"consult.acknowledged","স্বীকৃত","Acknowledged","consult"
"doctorApp.acknowledged_not_yet_synced","দেখা হয়েছে — সিঙ্ক হয়নি","Acknowledged, not yet synced","doctorApp"
"common.action","পদক্ষেপ","Action","shell,lab,admin"
"billing.active","চালু","Active","billing"
"consult.acute_pharyngitis","গলা ব্যথা","Acute pharyngitis","consult"
"consult.acute_pyelonephritis","কিডনির সংক্রমণ","Acute pyelonephritis","consult"
"shell.add","যোগ","Add","shell"
"billing.add_service_from_price_list_e","সেবা বা পরীক্ষা যোগ করুন","Add service from price list (e.g. ecg, x-ray, usg)","billing"
"consult.add_to_my_queue","আমার সিরিয়ালে আনুন","Add to my queue","consult"
"admin.add_on","অ্যাড-অন","Add-on","admin"
"consult.added","আছে","Added","consult"
"frontDesk.added_at_desk","কাউন্টারে যোগ","added at desk","frontDesk,billing"
"consult.additional_advice","অতিরিক্ত উপদেশ","Additional advice","consult"
"frontDesk.address","ঠিকানা","Address","frontDesk"
"pharmacy.adjustment_posted","সমন্বয় পোস্ট","Adjustment posted","pharmacy"
"shell.admin","অ্যাডমিন","Admin","shell,admin"
"ipd.admission","ভর্তি","Admission","ipd"
"shell.admission_at_11_30","নতুন ভর্তি ১১:৩০","Admission at 11:30","shell"
"journeys.admission_desk","ভর্তি ডেস্ক","Admission desk","journeys"
"journeys.admission_with_deposit","ভর্তি ও অগ্রিম জমা","Admission with deposit","journeys"
"ipd.admissions","নার্সিং ইনচার্জ","Admissions","ipd,owner"
"erOt.admit","ভর্তি","Admit","erOt,ds"
"ipd.admit_and_collect","ভর্তি ও জমা নিন","Admit & collect","ipd"
"ipd.admit_here","এখানে ভর্তি","Admit here","ipd"
"common.admitted","ভর্তি","Admitted","billing,ipd,doctorApp,ds"
"doctorApp.admitted_3","ভর্তি রোগী","Admitted (3)","doctorApp"
"ipd.admitted_to","ভর্তি","Admitted to","ipd"
"erOt.admitting_diagnosis","ভর্তির রোগ নির্ণয়","Admitting diagnosis","erOt"
"ipd.admitting_doctor","ভর্তিকারী ডাক্তার","Admitting doctor","ipd"
"frontDesk.adult","প্রাপ্তবয়স্ক","Adult","frontDesk"
"billing.advance","অগ্রিম","Advance","billing"
"ipd.advance_deposit","অগ্রিম জমা","Advance deposit","ipd,ds"
"print.advice","উপদেশ","ADVICE","print"
"erOt.advice_bangla","উপদেশ","Advice (Bangla)","erOt"
"consult.advised","দিন বিশ্রামের পরামর্শ দেওয়া হলো।","Advised","consult"
"ds.after_meals","খাবারের পরে","After meals","ds"
"frontDesk.age","বয়স","Age","frontDesk,print"
"frontDesk.age_2","বয়স","Age —","frontDesk"
"ds.age_in_years","বয়স (বছর)","Age in years","ds"
"ds.age_only","শুধু বয়স জানা","Age only","ds"
"frontDesk.agent","এজেন্ট","Agent","frontDesk"
"shell.ai_draft_unverified","খসড়া — যাচাই হয়নি","AI draft — unverified","shell,ds"
"shell.ai_draft_ready","AI খসড়া প্রস্তুত","AI draft ready","shell"
"consult.ai_needs_a_connection","অফলাইনে AI কাজ করে না","AI needs a connection","consult"
"nursing.alert","সজাগ","Alert","nursing"
"common.all","সব","All","billing,ipd,lab,admin,network,ds"
"lab.all_4_accepted_nodi_general_notified","সব গৃহীত","All 4 accepted — Nodi General notified 10:48.","lab"
"shell.all_approved_all_with_reasons","সবগুলো অনুমোদিত ও কারণসহ","All approved, all with reasons","shell"
"shell.all_branches","সব শাখা","All branches","shell,owner"
"shell.all_branches_combined","সব শাখা একসাথে","All branches combined","shell"
"ipd.all_doctors","সব ডাক্তার","All doctors","ipd"
"pharmacy.all_locations","সব স্থান","All locations","pharmacy"
"journeys.all_parties","সব পক্ষ","All parties","journeys"
"journeys.all_parties_see_the_same_tracker","ট্র্যাকার সব পক্ষ একই দেখে","All parties see the same tracker","journeys"
"frontDesk.all_values_in_range","সব মান স্বাভাবিক","All values in range","frontDesk"
"ipd.all_wards","সব ওয়ার্ড","All wards","ipd"
"doctorApp.all_your_chambers_in_one_app","আপনার সব চেম্বার এক অ্যাপে","All your chambers in one app","doctorApp"
"ipd.allergy","অ্যালার্জি","Allergy","ipd"
"nursing.allergy_sulfa_no_conflict","অ্যালার্জি যাচাই","Allergy (Sulfa) — no conflict","nursing"
"consult.allergy_check_passed","অ্যালার্জি যাচাই","Allergy check passed","consult"
"consult.allergy_conflict","অ্যালার্জি মিলেছে","Allergy conflict","consult"
"shell.allergy_penicillin_sulfa","অ্যালার্জি: পেনিসিলিন, সালফা","Allergy: Penicillin, Sulfa","shell,ds"
"billing.allocated","ভাগ করা","Allocated","billing"
"billing.allocated_more_than_the_amount_due","বকেয়ার চেয়ে বেশি ভাগ করা হয়েছে","Allocated more than the amount due.","billing"
"ipd.alos","গড় অবস্থান","ALOS","ipd,owner"
"erOt.also_booked_for","একই সময়ে অন্য ওটিতে","also booked for","erOt"
"journeys.also_delivered_to_the_patient_app","রোগীর অ্যাপে যায়","Also delivered to the patient app","journeys"
"journeys.also_reaches_the_patient_app","রোগীর অ্যাপেও যায়","Also reaches the patient app","journeys"
"ipd.amber_above_90","৯০%+ হলে অ্যাম্বার — ভর্তি সীমিত হতে পারে","Amber above 90%.","ipd"
"erOt.ambulate_tomorrow_morning","কাল সকালে হাঁটানো","Ambulate tomorrow morning","erOt"
"nursing.ambulate_with_support","হাঁটানো","Ambulate with support","nursing"
"consult.amend","সংশোধন","Amend","consult,lab"
"consult.amend_signed_note","সংশোধন","Amend signed note","consult"
"common.amended","সংশোধিত ১১:২০","Amended","consult,lab,ds"
"consult.amended_11_20","সংশোধিত v2","Amended 11:20","consult"
"common.amount","পরিমাণ","Amount","billing,ipd,ds"
"billing.amount_due","বিলের বকেয়া","Amount due","billing"
"nursing.an_order_is_not_proof_a","অর্ডার মানে ওষুধ দেওয়া নয়","An order is not proof a dose was given. A dose counts only when it is scanned and recorded here with your name and time.","nursing"
"erOt.anaesthesia","অ্যানেস্থেশিয়া","Anaesthesia","erOt"
"ipd.anaesthesia_consent","অ্যানেস্থেশিয়ার সম্মতি","Anaesthesia consent","ipd,erOt"
"erOt.anaesthesia_fitness","অ্যানেস্থেশিয়া ফিটনেস","Anaesthesia fitness","erOt"
"erOt.anaesthesia_fitness_pending_who_sign_in","অ্যানেস্থেশিয়া ফিটনেস বাকি","Anaesthesia fitness pending — WHO Sign-in locked until required pre-op items are done.","erOt"
"erOt.anaesthesia_machine_and_drugs_checked","অ্যানেস্থেশিয়া যন্ত্র ও ওষুধ পরীক্ষা","Anaesthesia machine & drugs checked","erOt"
"erOt.anaesthesia_record","অ্যানেস্থেশিয়া সারাংশ","Anaesthesia record","erOt"
"lab.analyzer_down_today","যন্ত্র বন্ধ","Analyzer down today","lab"
"lab.analyzers_calibration_and_maintenance","যন্ত্র","Analyzers — calibration & maintenance","lab"
"journeys.android_412","অ্যান্ড্রয়েড ৪১২","Android 412","journeys"
"erOt.antibiotic_within_60_min","অ্যান্টিবায়োটিক ৬০ মিনিটের মধ্যে","Antibiotic within 60 min","erOt"
"shell.anwar","আনোয়ার","Anwar","shell"
"sample.anwar_hossain","আনোয়ার হোসেন","Anwar Hossain","shell"
"frontDesk.any","যেকোনো","Any","frontDesk"
"lab.app_alert","অ্যাপ","App alert","lab"
"billing.apply_from_today","শ্রেণি বদলান","Apply from today","billing"
"billing.apply_package","প্যাকেজ প্রয়োগ","Apply package","billing"
"shell.appointment","অ্যাপয়েন্টমেন্ট","Appointment","shell"
"common.appointments","অ্যাপয়েন্টমেন্ট","Appointments","shell,frontDesk,ds"
"shell.appointments_today","আজকের অ্যাপয়েন্টমেন্ট","Appointments today","shell"
"billing.approval","অনুমোদন","Approval","billing,pharmacy"
"billing.approval_code","অনুমোদন কোড","Approval code","billing"
"admin.approval_limits","অনুমোদন সীমা","Approval limits","admin"
"ds.approval_request","ছাড়ের অনুমোদন","Approval request","ds"
"common.approvals","অনুমোদন","Approvals","shell,billing,journeys"
"shell.approvals_3","অনুমোদন (৩)","Approvals (3)","shell"
"common.approve","অনুমোদন","Approve","shell,billing,admin"
"pharmacy.approve_and_send","অনুমোদন ও পাঠান","Approve & send","pharmacy"
"ds.approve_on_their_phone","ফোনে অনুমোদন","Approve on their phone","ds"
"journeys.approve_or_reject","অনুমোদন বা বাতিল","Approve or reject","journeys"
"shell.approved","অনুমোদিত","Approved","shell,billing"
"billing.approved","অনুমোদিত","Approved —","billing"
"billing.approved_refund","অনুমোদিত","Approved — refund","billing"
"billing.approved_by_mahmudul_hasan_10_45","অনুমোদিত","Approved by Mahmudul Hasan 10:45 — applied.","billing"
"pharmacy.approver","অনুমোদনকারী","Approver","pharmacy,ds"
"ds.approver_enters_pin_here","এখানে পিন","Approver enters PIN here","ds"
"frontDesk.approx_age","আনুমানিক বয়স","Approx. age","frontDesk,erOt"
"frontDesk.approximate","আনুমানিক","Approximate:","frontDesk"
"shell.appts","সময়সূচি","Appts","shell"
"frontDesk.area_road_house","এলাকা","Area, road, house","frontDesk"
"erOt.arrival","আগমন","Arrival","erOt"
"common.arrived","এসেছেন","Arrived","shell,frontDesk,ds"
"frontDesk.as_the_patient_spells_it","রোগী যেভাবে বানান করেন","As the patient spells it","frontDesk"
"consult.ask_the_patient_first","রেকর্ডের আগে রোগীর সম্মতি নিন","Ask the patient first","consult"
"nursing.asleep_will_retry","ঘুমিয়ে","Asleep, will retry","nursing"
"nursing.assessment","মূল্যায়ন","Assessment","nursing"
"journeys.assign_a_triage_level_and_a","স্তর দিন ও ডাক্তার নিযুক্ত করুন। লক্ষ্য সময় পেরোলে লাল ⚠ চিহ্ন।","Assign a triage level and a doctor. Anyone past target with no doctor is flagged red with ⚠.","journeys"
"erOt.assign_doctor","ডাক্তার","Assign doctor","erOt"
"lab.assigned","নির্ধারিত","Assigned","lab"
"consult.assistant","সহকারী","Assistant","consult"
"network.at_centre","কেন্দ্রে","At centre","network"
"admin.at_least_one_ward_with_beds","অন্তত ১টি ওয়ার্ড ও শয্যা","At least one ward with beds","admin"
"doctorApp.at_nodi_general_you_have_inpatient","নদী জেনারেলে আপনার শুধু ভর্তি রোগী দেখার অনুমতি আছে","At Nodi General you have inpatient access only.","doctorApp"
"owner.at_risk","ঝুঁকিতে","At risk","owner"
"consult.audio_is_deleted_after_24_h","অডিও ২৪ ঘণ্টা পর মুছে যাবে","Audio is deleted after 24 h.","consult"
"admin.audit_log","অডিট লগ","Audit log","admin"
"billing.audit_trail","অডিট ট্রেইল","Audit trail","billing"
"pharmacy.auto_suggested_from_reorder_levels","স্বয়ংক্রিয় প্রস্তাব","Auto-suggested from reorder levels","pharmacy"
"consult.autosaving","সংরক্ষণ হচ্ছে…","Autosaving…","consult"
"ds.available","খালি","Available","ds"
"shell.average_delay_40_min","গড় দেরি ৪০ মিনিট","Average delay 40 min","shell"
"shell.avg_12_min","গড় ১২ মিনিট","avg 12 min","shell"
"shell.avg_8_min","গড় ৮ মিনিট","avg 8 min","shell"
"shell.avg_wait_14_min","গড় অপেক্ষা ১৪ মিনিট","Avg wait 14 min","shell"
"nursing.avpu","চেতনা","AVPU","nursing"
"pharmacy.awaiting_approval","অনুমোদন বাকি","Awaiting approval","pharmacy,ds"
"billing.awaiting_manager","অনুমোদন বাকি","Awaiting manager","billing"
"sample.ayesha_begum","আয়েশা বেগম","Ayesha Begum","frontDesk"
"erOt.b_er_test_14_05","রক্তের গ্রুপ","B+ (ER test 14:05)","erOt"
"ipd.baby","শিশু","Baby:","ipd"
"consult.back","ফিরে যান","Back","consult,journeys"
"ds.back_online_sending_1_of_3","সংযোগ ফিরেছে — ৩টির মধ্যে ১টি পাঠানো হয়েছে","Back online — sending 1 of 3 changes…","ds"
"shell.back_online_sent_2_of_5","সংযোগ ফিরেছে — ৫টির মধ্যে ২টি পরিবর্তন পাঠানো হয়েছে…","Back online — sent 2 of 5 changes…","shell"
"network.back_to_referring_doctor","ফেরত","Back to referring doctor","network"
"nursing.background","পটভূমি","Background","nursing"
"nursing.balance_08_00_14_00","ভারসাম্য","Balance (08:00–14:00)","nursing"
"billing.balance_payable","প্রদেয় বাকি","Balance payable","billing"
"ipd.balance_to_settle","৳ 30,000","balance to settle","ipd"
"frontDesk.bangla_name","বাংলা নাম","Bangla name","frontDesk"
"common.bank","ব্যাংক","Bank","shell,billing,owner,ds"
"billing.bank_reference","ব্যাংক রেফারেন্স","Bank reference","billing"
"shell.bank_transfer","ব্যাংক","Bank transfer","shell,billing"
"network.basis","ভিত্তি","Basis","network"
"pharmacy.batch","ব্যাচ","Batch","pharmacy"
"frontDesk.beanibazar","বিয়ানীবাজার","Beanibazar","frontDesk"
"common.bed","শয্যা","Bed","shell,billing,ipd,ds"
"ipd.bed_and_package","শয্যা ও প্যাকেজ","Bed & package","ipd"
"shell.bed_5","শয্যা ৫","Bed 5","shell"
"billing.bed_class","শয্যা শ্রেণি","Bed class","billing,ipd"
"admin.bed_classes","শয্যা শ্রেণি","Bed classes","admin"
"ipd.bed_history","ইতিহাস","Bed history","ipd"
"ipd.bed_maintenance","শয্যা মেরামত","Bed maintenance","ipd"
"common.bed_map","শয্যা ম্যাপ","Bed map","ipd,journeys,ds"
"ipd.bed_release_to_cleaning","শয্যা খালি → পরিষ্কার","Bed release to cleaning","ipd"
"journeys.bed_released","শয্যা মুক্ত","Bed released","journeys"
"ipd.bed_selected","শয্যা বাছাই","Bed selected","ipd"
"shell.bed_status","শয্যার অবস্থা","Bed status","shell"
"shell.beds_by_ward","ওয়ার্ড অনুযায়ী শয্যা","Beds by ward","shell"
"ds.bedtime","ঘুমের আগে","Bedtime","ds"
"ds.before_meals","খাবারের আগে","Before meals","ds"
"ipd.before_noon","দুপুরের আগে ছাড়পত্র","Before noon","ipd"
"billing.below_1_2_days_of_expected","আনুমানিক ১–২ দিনের খরচের চেয়ে কম। অভিভাবক মো. সালামকে bKash লিংক পাঠান?","Below 1–2 days of expected charges. Send a payment link to the guardian (+880 1711-908812)?","billing"
"ds.below_minimum_needs_manager_approval","ন্যূনতম ৳ ১০,০০০","Below minimum — needs manager approval","ds"
"ipd.below_minimum_needs_manager_approval_or","ন্যূনতমের কম","Below minimum — needs manager approval, or admit as emergency (deposit within 24 h).","ipd"
"common.bill","বিল","Bill","billing,owner,ds"
"billing.bill_paid","বিল","Bill paid","billing"
"ds.bill_total","মোট","Bill total","ds"
"pharmacy.billed_to","বিলিং","Billed to","pharmacy"
"common.billing","বিলিং","Billing","shell,frontDesk,admin,ds"
"shell.billing_and_finance","বিলিং ও হিসাব","Billing & Finance","shell"
"ds.bills","বিল","Bills","ds"
"shell.bills_don_u2019t_change_until_approved","ম্যানেজার অনুমোদন না দেওয়া পর্যন্ত বিল বদলায় না","Bills don\u2019t change until approved","shell"
"owner.bills_voided_after_payment","পরিশোধের পর বিল বাতিল","Bills voided after payment","owner"
"lab.biochemistry","বায়োকেমিস্ট্রি","Biochemistry","lab"
"frontDesk.birth_reg","জন্ম নিবন্ধন","Birth reg.","frontDesk"
"shell.bkash_not_confirmed","bKash নিশ্চিত হয়নি","bKash not confirmed","shell"
"journeys.bkash_payment","bKash-এ পেমেন্ট","bKash payment","journeys"
"ds.bkash_payment_not_confirmed","পেমেন্ট নিশ্চিত হয়নি","bKash payment not confirmed","ds"
"billing.bkash_trxid_8hq21lmz0p_cash","৳ 3,300","bKash TrxID 8HQ21LMZ0P + Cash","billing"
"ipd.block","বন্ধ করুন","Block","ipd"
"common.blocked","বন্ধ","Blocked","shell,ipd,pharmacy,ds"
"ipd.blocked_by","আটকে রেখেছেন","Blocked by","ipd"
"frontDesk.blocked_sex_and_age_conflict","লিংক করা যাবে না — লিঙ্গ ও বয়স ভিন্ন","Blocked: sex and age conflict","frontDesk"
"ipd.blocking","আটকে আছে","Blocking","ipd"
"erOt.blood_grouped_and_saved","রক্ত প্রস্তুত","Blood grouped & saved","erOt"
"erOt.blood_loss_ml","রক্তক্ষরণ","Blood loss (mL)","erOt"
"ipd.blood_transfusion","রক্ত গ্রহণের সম্মতি","Blood transfusion","ipd"
"erOt.body_release_after_police_clearance","মরদেহ হস্তান্তর","Body release after police clearance","erOt"
"admin.body_size","হরফ আকার","Body size","admin"
"frontDesk.booked","বুকড","Booked","frontDesk"
"ipd.booked_12_00","ফারজানা আক্তার","Booked 12:00","ipd"
"frontDesk.booked_by_phone","বুক করেছেন ফোনে","booked by phone","frontDesk"
"erOt.booking_request","বুকিং অনুরোধ","Booking request","erOt"
"owner.both_branches","দুই শাখা","both branches","owner"
"ds.both_print_on_reports_either_may","দুটি নামই রিপোর্ট ও রসিদে ছাপা হয়। একটি খালি থাকলে অন্যটি ব্যবহার হবে।","Both print on reports. Either may be left blank.","ds"
"frontDesk.bp","রক্তচাপ","BP","frontDesk"
"admin.branch","শাখা","Branch","admin"
"admin.branches","শাখা","Branches","admin"
"pharmacy.brand_or_generic","ব্র্যান্ড বা জেনেরিক","Brand or generic","pharmacy"
"consult.brand_or_generic_e_g_napa","ব্র্যান্ড বা জেনেরিক","Brand or generic (e.g. napa, metformin)","consult"
"frontDesk.break","চা বিরতি","Break","frontDesk"
"network.break_glass","৫","Break glass","network"
"network.break_glass_rules","জরুরি প্রবেশ","Break-glass rules","network"
"pharmacy.breakage_or_damage","ভাঙা/নষ্ট","Breakage or damage","pharmacy"
"nursing.bright_light","উজ্জ্বল আলো","Bright light","nursing"
"nursing.bright_mode_on","উজ্জ্বল আলো চালু","Bright mode on","nursing"
"erOt.brought_by","কে এনেছেন","Brought by","erOt"
"consult.burning_micturition","প্রস্রাবে জ্বালাপোড়া","Burning micturition","consult"
"ds.business_id_no_on_vat_invoices","মূসক","Business ID No. on VAT invoices","ds"
"common.by","অনুরোধ","By","billing,lab,pharmacy,owner"
"shell.by_4_pm","বিকেল ৪টার মধ্যে","By 4 pm","shell"
"billing.by_date","তারিখ অনুযায়ী","By date","billing"
"shell.by_doctor","ডাক্তার অনুযায়ী","By doctor","shell"
"owner.by_payer","পেয়ার অনুযায়ী","By payer","owner"
"owner.by_payment_method","মাধ্যম অনুযায়ী","By payment method","owner"
"journeys.by_policy_allergies_medicines_problems_each","নীতি অনুযায়ী অ্যালার্জি, ওষুধ, রোগ — প্রতিটিতে উৎস ব্যাজ। বেশি দেখতে “Request access”।","By policy: allergies, medicines, problems — each with a source badge. Use Request access for more.","journeys"
"shell.by_priority_then_tat","অগ্রাধিকার ও TAT অনুযায়ী","By priority, then TAT","shell"
"ipd.cabin_ac","কেবিন","Cabin (AC)","ipd"
"shell.cabins","কেবিন","Cabins","shell"
"ipd.cabins_201_206","কেবিন","Cabins 201–206","ipd"
"ds.call","ডাকুন","Call","ds"
"shell.call_next","পরের রোগী ডাকুন","Call next","shell"
"ds.called","ডাকা হয়েছে","Called","ds"
"shell.can_grant","অনুমতি দিতে পারেন","Can grant","shell"
"ds.cancel","বাতিল","Cancel","ds"
"frontDesk.cancel_appointment","অ্যাপয়েন্টমেন্ট বাতিল","Cancel appointment","frontDesk"
"billing.cancel_bill","পুরো বিল বাতিল","Cancel bill","billing"
"common.cancelled","বাতিল","Cancelled","shell,frontDesk,billing,erOt,ds"
"frontDesk.candidate_1","সম্ভাব্য ১","Candidate 1","frontDesk"
"frontDesk.candidate_2","সম্ভাব্য ২","Candidate 2","frontDesk"
"billing.cannot_cancel_the_whole_bill_cbc","পুরো বিল বাতিল করা যাবে না — CBC ও পরামর্শ ইতিমধ্যে দেওয়া হয়েছে। শুধু যে সেবা হয়নি তা ফেরত দিন।","Cannot cancel the whole bill: CBC and consultation were already given. Refund only services not performed.","billing"
"network.cannot_consent","সম্মতি সম্ভব নয়","Cannot consent","network"
"frontDesk.cannot_exceed_100","১০০% এর বেশি হয় না","Cannot exceed 100%","frontDesk"
"frontDesk.cannot_link_to","লিংক করা যায়নি","Cannot link to","frontDesk"
"common.card","কার্ড","Card","shell,billing,owner,ds"
"billing.card_pos","কার্ড","Card (POS)","billing"
"consult.cardiology","ডা. কামাল উদ্দিন","Cardiology","consult,ipd"
"nursing.care","যত্ন","Care","nursing"
"nursing.care_plan","কেয়ার প্ল্যান","Care plan","nursing"
"erOt.care_orders_and_billing_start_on","চিকিৎসা, অর্ডার ও বিল এই অস্থায়ী পরিচয়ে শুরু হবে। মার্জ হলে সব আসল রেকর্ডে যাবে।","Care, orders and billing start on the temporary ID and move to the real record on merge.","erOt"
"common.cash","নগদ","Cash","shell,billing,owner,ds"
"billing.cash_at_counter","নগদ","Cash at counter","billing"
"billing.cash_collected_31","নগদ সংগ্রহ","Cash collected (31)","billing"
"billing.cash_refunds","নগদ ফেরত","Cash refunds","billing"
"billing.cash_variance","নগদের পার্থক্য","Cash variance","billing"
"owner.cash_variance_by_cashier","ক্যাশ গরমিল","Cash variance by cashier","owner"
"common.cashier","ক্যাশিয়ার","Cashier","billing,admin,journeys"
"billing.category","শ্রেণি","Category","billing"
"nursing.catheter_care","ক্যাথেটার পরিচর্যা","Catheter care","nursing"
"erOt.cause_provisional","কারণ","Cause (provisional)","erOt"
"lab.cbc_dengue_ns1","তানভীর হোসেন","CBC, Dengue NS1","lab"
"lab.cbc_electrolytes_fbs","মো. করিম উদ্দিন","CBC, Electrolytes, FBS","lab"
"lab.cbc_hba1c_lipid_creat_electrolytes","রহিমা খাতুন","CBC, HbA1c, Lipid, Creat, Electrolytes","lab"
"journeys.centre_b_accepts_partially","সেন্টার B আংশিক গ্রহণ","Centre B accepts partially","journeys"
"network.centre_chosen","কেন্দ্র বাছাই","Centre chosen","network"
"lab.chamber_facility","চেম্বার","Chamber / facility","lab"
"common.change","কী বদলাচ্ছেন","Change","consult,billing,lab,ds"
"billing.change_class","শ্রেণি বদল","Change class","billing"
"frontDesk.change_source","উৎস বদলান","Change source","frontDesk"
"billing.changed_mind","রোগী মত বদলেছেন","Changed mind","billing"
"shell.chattogram","চট্টগ্রাম","Chattogram","shell,frontDesk"
"shell.check_again","আবার দেখুন","Check again","shell"
"erOt.check_er_orders_against_the_record","অ্যালার্জি অজানা ছিল — মার্জের পর রেকর্ডের অ্যালার্জি (Penicillin) ER অর্ডারে যাচাই হবে","Check ER orders against the record's penicillin allergy after merge.","erOt"
"shell.check_in","চেক-ইন ও টোকেন","Check in","shell,frontDesk"
"journeys.check_revenue_collections_and_dues_the","আজ/গতকালের আয়, সংগ্রহ, বকেয়া দেখুন। নিচে লিকেজ প্যানেল।","Check revenue, collections and dues. The leakage panel is at the bottom.","journeys"
"shell.check_trxid","TrxID মিলিয়ে দেখুন","Check TrxID","shell"
"frontDesk.checked_by_name_phone_date_of","নাম, ফোন, জন্মতারিখ ও NID দিয়ে খোঁজা হয়েছে। নতুন রোগী হিসেবে তৈরি করা নিরাপদ।","Checked by name, phone, date of birth and NID. Safe to create a new patient.","frontDesk"
"pharmacy.checking","যাচাই চলছে","Checking","pharmacy,admin"
"ds.checking_for_duplicates","ডুপ্লিকেট খোঁজা হচ্ছে…","Checking for duplicates…","ds"
"frontDesk.checking_for_matches","মিল খোঁজা হচ্ছে…","Checking for matches…","frontDesk"
"consult.chest","বুক","Chest","consult"
"frontDesk.child_on_parent_s_phone","শিশু, বাবার ফোন","Child on parent's phone","frontDesk"
"common.choose","বেছে নিন","Choose","frontDesk,billing,ipd,nursing,lab,pharmacy,erOt"
"common.choose_a_reason","কারণ বাছুন","Choose a reason","ipd,pharmacy,ds"
"lab.choose_a_reason_to_decline","কারণ বাছুন","Choose a reason to decline.","lab"
"journeys.choose_bkash_send_the_link_by","bKash বাছুন, SMS-এ লিংক পাঠান, তারপর ডেমো “Confirmed” চাপুন। নিশ্চিত টাকাই শুধু গোনা হয়।","Choose bKash, send the link by SMS, then press the demo Confirmed button. Only confirmed money counts.","journeys"
"patientApp.choose_language","ভাষা বেছে নিন","Choose language","patientApp"
"journeys.claim_with_a_receipt_code","রসিদের কোড দিয়ে দাবি","Claim with a receipt code","journeys"
"ipd.class","শ্রেণি","Class","ipd"
"common.cleaning","পরিষ্কার","Cleaning","shell,ipd,ds"
"frontDesk.clear","মুছুন","Clear","frontDesk,ds"
"ds.clear_filters","ফিল্টার মুছুন","Clear filters","ds"
"billing.clear_for_discharge","ছাড়পত্র দিন","Clear for discharge","billing"
"journeys.clearly_says_it_is_not_a","রোগ নির্ণয় নয় — স্পষ্ট লেখা","Clearly says it is not a diagnosis","journeys"
"shell.clinic","ক্লিনিক","Clinic","shell"
"journeys.clinic_a_orders","ক্লিনিক A অর্ডার দেয়","Clinic A orders","journeys"
"journeys.clinic_c_views_history","ক্লিনিক C ইতিহাস দেখে","Clinic C views history","journeys"
"common.clinical","চিকিৎসা","Clinical","shell,ipd,ds"
"ipd.clinical_deterioration","ক্লিনিক্যাল অবনতি","Clinical deterioration","ipd"
"consult.clinical_note","ক্লিনিক্যাল নোট","Clinical note","consult"
"lab.clinical_validation","২. ক্লিনিক্যাল অনুমোদন","Clinical validation","lab"
"consult.close","বন্ধ","Close","consult"
"erOt.close_and_go_to_sign_out","সেলাই ও সাইন আউট","Close & go to Sign-out","erOt"
"shell.close_shift_and_count_cash","শিফট বন্ধ ও ক্যাশ গণনা","Close shift & count cash","shell"
"billing.closed","বন্ধ ও অনুমোদিত","Closed","billing"
"journeys.closes_automatically_on_the_end_date","শেষ তারিখে নিজে থেকে বন্ধ","Closes automatically on the end date","journeys"
"erOt.closure","সেলাই","Closure","erOt"
"lab.clotted_edta","জমাট","Clotted (EDTA)","lab"
"billing.code","কোড","Code","billing"
"shell.collapse_menu","মেনু ছোট করুন","Collapse menu","shell"
"common.collect","পেমেন্ট নিন","Collect","shell,billing,lab,pharmacy,ds"
"ds.collect_advance_deposit","অগ্রিম জমা নিন","Collect advance deposit","ds"
"shell.collect_payment","পেমেন্ট নিন","Collect payment","shell,ds"
"lab.collect_payment_first_this_facility_requires","পেমেন্ট ছাড়া নমুনা নেওয়া যাবে না","Collect payment first — this facility requires payment before collection.","lab"
"common.collected","সংগৃহীত","Collected","shell,lab,network,ds"
"owner.collected_dashed","সংগ্রহ","Collected (dashed)","owner"
"lab.collected_at_home","বাড়িতে সংগৃহীত","Collected at home","lab"
"lab.collection","সংগ্রহ","Collection","lab"
"owner.collections","সংগ্রহ","Collections","owner"
"shell.collections_by_method","সংগ্রহের মাধ্যম","Collections by method","shell"
"admin.colour_header_band","রঙিন হেডার ব্যান্ড","Colour header band","admin"
"ds.columns","কলাম","Columns","ds"
"lab.comment_on_report","মন্তব্য","Comment on report","lab"
"frontDesk.company_or_insurer","কোম্পানি / বীমা","Company or insurer","frontDesk"
"common.compare","তুলনা করুন","Compare","frontDesk,owner,ds"
"erOt.complaint","প্রধান অভিযোগ","Complaint","erOt"
"consult.complaints","প্রধান অভিযোগ","Complaints","consult,doctorApp"
"frontDesk.complete","শেষ","Complete","frontDesk,pharmacy"
"billing.complete_and_print_receipt","সম্পন্ন ও রসিদ","Complete & print receipt","billing"
"ipd.complete_the_checklist","প্রস্তুত নয়","Complete the checklist","ipd,admin"
"erOt.complete_who_time_out_first","আগে WHO টাইম আউট","Complete WHO Time-out first","erOt"
"frontDesk.completed","শেষ","Completed","frontDesk,erOt"
"billing.concession","কনসেশন","Concession","billing,ds"
"erOt.confirm","নিশ্চিত করুন","Confirm","erOt"
"frontDesk.confirm_with_the_patient","রোগীকে জিজ্ঞেস করে নিশ্চিত করুন","confirm with the patient)","frontDesk"
"frontDesk.confirmation_sms_delivered_09_12","নিশ্চিতকরণ SMS পৌঁছেছে","Confirmation SMS delivered 09:12","frontDesk"
"billing.confirmed","নিশ্চিত","Confirmed","billing"
"billing.confirmed_by","নিশ্চিত","Confirmed by","billing,erOt"
"admin.connected","সংযুক্ত","Connected","admin"
"network.consent_and_access","৪. সম্মতি ও প্রবেশাধিকার","Consent & access","network"
"ipd.consent_forms","সম্মতিপত্র","Consent forms","ipd"
"ds.consent_not_possible","সম্মতি নেওয়া সম্ভব নয়","Consent not possible","ds"
"network.consent_registry","সম্মতি রেজিস্টার","Consent registry","network"
"ipd.consents_signed","সম্মতিপত্র","Consents signed","ipd"
"frontDesk.consistent","মানানসই","Consistent","frontDesk"
"shell.consultant","কনসালট্যান্ট","Consultant","shell,erOt"
"doctorApp.consultant_access","প্রবেশ: গ্রিন লাইফ রোগী","Consultant access","doctorApp"
"shell.consultant_medicine","কনসালট্যান্ট, মেডিসিন","Consultant, Medicine","shell"
"journeys.consultation_fee_cbc_and_rbs_arrive","পরামর্শ ফি, CBC ও RBS ডাক্তারের অর্ডার থেকে এসেছে — উৎস দেখা যায়। মোট ও VAT দেখে Pay চাপুন।","Consultation fee, CBC and RBS arrive from the doctor's orders with their source. Check totals and VAT, then Pay.","journeys"
"network.consultation_note","পরামর্শ নোট","Consultation note","network"
"shell.contact","যোগাযোগ","Contact","shell,ds"
"frontDesk.contact_and_address","যোগাযোগ ও ঠিকানা","Contact & address","frontDesk"
"billing.context","প্রসঙ্গ","Context","billing"
"doctorApp.continue","প্রবেশ","Continue","doctorApp"
"shell.continue_offline","অফলাইন মোডে চালু","Continue offline","shell"
"network.continuity_of_care_policy","নীতি","Continuity-of-care policy","network"
"pharmacy.controlled_ipd_only","নিয়ন্ত্রিত","Controlled — IPD only","pharmacy"
"pharmacy.controlled_drugs_are_never_sold_over","নিয়ন্ত্রিত ওষুধ) কাউন্টারে বিক্রি হয় না","Controlled drugs are never sold over the counter.","pharmacy"
"billing.copy_for_employer","কোম্পানির জন্য কপি","Copy for employer","billing"
"ipd.copy_yesterday","আগেরটি কপি","Copy yesterday","ipd"
"ipd.corp","কর্পোরেট","Corp.","ipd"
"common.corporate","কর্পোরেট","Corporate","frontDesk,billing,owner,ds"
"billing.corporate_agreement","কর্পোরেট চুক্তি","Corporate agreement","billing"
"billing.corporate_approval_letter_received","কোম্পানির অনুমোদন পত্র","Corporate approval letter received","billing"
"billing.corporate_pays","কোম্পানি দেবে","Corporate pays","billing"
"billing.corporate_share","কোম্পানি","Corporate share","billing"
"ds.cost_price","ক্রয় মূল্য","Cost price","ds"
"pharmacy.counselling_note_bangla_printed_on_label","পরামর্শ","Counselling note (Bangla, printed on label)","pharmacy"
"billing.count","সংখ্যা","Count","billing,erOt"
"pharmacy.count_and_adjust","গণনা","Count & adjust","pharmacy"
"billing.count_cash_by_note","নগদ গণনা","Count cash by note","billing"
"erOt.count_mismatch_do_not_close_search","গণনা মিলছে না","Count mismatch — do not close. Search the field, then X-ray if still missing. Surgeon informed.","erOt"
"shell.count_the_drawer","ক্যাশ গুনে রাখুন","Count the drawer","shell"
"billing.counted","গণনা করা নগদ","Counted","billing,pharmacy"
"billing.counted_cash_matches_expected","গণনা মিলেছে","Counted cash matches expected.","billing"
"shell.counter_1","কাউন্টার ১","Counter 1","shell"
"billing.counting","গণনা চলছে","Counting","billing"
"pharmacy.counting_pharmacy_counter","গণনা চলছে","Counting — Pharmacy counter","pharmacy"
"shell.cover_shifts_can_u2019t_request_refunds","বদলি ডিউটিতে রিফান্ড ও ছাড়ের অনুরোধ করা যাবে না","Cover shifts can\u2019t request refunds or discounts","shell"
"frontDesk.cox_u2019s_bazar","কক্সবাজার","Cox\u2019s Bazar","frontDesk"
"admin.create","তৈরি","Create","admin"
"frontDesk.create_new","নতুন তৈরি","Create new","frontDesk"
"frontDesk.create_visit","ভিজিট তৈরি","create visit","frontDesk"
"journeys.creates_patient_no_glc_240117_and","ফলাফল: রোগী নং GLC-240117 ও টোকেন","Creates patient no. GLC-240117 and a token","journeys"
"admin.credential","যাচাই","Credential","admin"
"common.critical","জরুরি মান","Critical","lab,doctorApp,ds"
"lab.critical_call_back","জরুরি মান কল-ব্যাক","Critical call-back","lab"
"shell.critical_first","জরুরি আগে","Critical first","shell"
"lab.critical_results","জরুরি মান","Critical results","lab"
"lab.critical_value_log_the_call_back","জরুরি মান — আগে কল-ব্যাক লগ করুন","Critical value: log the call-back first","lab"
"frontDesk.critical_value_tell_the_doctor_now","জরুরি মান — এখনই ডাক্তারকে জানান","Critical value: tell the doctor now","frontDesk"
"shell.critical_s_potassium_6_9","জরুরি মান: S. Potassium 6.9","Critical: S. Potassium 6.9","shell"
"common.current","বর্তমান","Current","shell,admin,ds"
"consult.current_meds","বর্তমান ওষুধ","Current meds","consult"
"shell.current_plan","বর্তমান প্যাকেজ","Current plan","shell"
"consult.cystitis","মূত্রথলির প্রদাহ","Cystitis","consult"
"shell.daily_report","দিনের রিপোর্ট","Daily report","shell"
"journeys.daily_running_bill","দৈনিক বিল","Daily running bill","journeys"
"lab.dashboard","ড্যাশবোর্ড","Dashboard","lab"
"print.date","তারিখ","Date","print"
"ds.date_of_birth","জন্মতারিখ","Date of birth","ds"
"frontDesk.date_of_birth_is_in_the","জন্মতারিখ ভবিষ্যতে হতে পারে না","Date of birth is in the future","frontDesk"
"frontDesk.date_of_birth_or_age","জন্মতারিখ বা বয়স","Date of birth or age","frontDesk"
"frontDesk.daughter","মেয়ে","Daughter","frontDesk"
"frontDesk.day","দিন","Day","frontDesk,ipd"
"ds.days","দিন","Days","ds"
"billing.days_included","দিন","Days included","billing"
"erOt.death","মৃত্যু","Death","erOt"
"erOt.death_certificate_drafted_doctor_signs","মৃত্যু সনদ","Death certificate drafted (doctor signs)","erOt"
"erOt.declared_by","ঘোষণাকারী","Declared by","erOt"
"lab.decline","প্রত্যাখ্যান","Decline","lab"
"network.declined","ফেরত","Declined","network"
"network.declined_by","ফেরত এসেছে","declined by","network"
"lab.declined_with_reason_sent_back_to","প্রত্যাখ্যাত","Declined with reason — sent back to Dr. Rezaul Karim.","lab"
"ipd.deep_clean","পরিষ্কার-জীবাণুমুক্ত","Deep clean","ipd"
"erOt.delayed_40_min","দেরি","Delayed 40 min","erOt"
"lab.delivered","পৌঁছেছে","Delivered","lab"
"lab.delivery","বিতরণ","Delivery","lab"
"journeys.delta_check_compares_with_the_previous","ডেল্টা চেক আগের ফলাফলের সাথে তুলনা করে","Delta check compares with the previous result","journeys"
"lab.delta_check","ডেল্টা চেক","Delta check:","lab"
"consult.dengue","ডেঙ্গু","Dengue","consult"
"consult.dengue_without_warning_signs","ডেঙ্গু জ্বর (সতর্ক লক্ষণ ছাড়া)","Dengue without warning signs","consult"
"ipd.department","বিভাগ","Department","ipd"
"admin.departments","বিভাগ","Departments","admin"
"ipd.deposit","অগ্রিম","Deposit","ipd,ds"
"billing.deposit_balance","অগ্রিম কম","Deposit balance","billing"
"ipd.deposit_left","অগ্রিম বাকি","Deposit left","ipd,ds"
"ds.deposit_low","অগ্রিম কম","Deposit low","ds"
"ds.deposit_running_low","অগ্রিম জমা কম","Deposit running low","ds"
"shell.deposits","অগ্রিম জমা","Deposits","shell,billing"
"shell.deposits_and_packages","অগ্রিম ও প্যাকেজ","Deposits & packages","shell"
"owner.deposits_held","অগ্রিম জমা","Deposits held","owner"
"lab.dept_and_tube","বিভাগ","Dept & tube","lab"
"shell.desk","ডেস্ক","Desk","shell"
"journeys.desktop_1440","ডেস্কটপ ১৪৪০","Desktop 1440","journeys"
"pharmacy.destroy_or_return_expired_batch","মেয়াদোত্তীর্ণ ব্যাচ ধ্বংস/ফেরত","Destroy or return expired batch","pharmacy"
"common.details","বিস্তারিত","Details","shell,pharmacy,ds"
"network.details_min_20_characters_shown_to","বিস্তারিত","Details (min. 20 characters, shown to the patient)","network"
"admin.device","ডিভাইস","Device","admin"
"frontDesk.dhaka","ঢাকা","Dhaka","frontDesk"
"frontDesk.dhanmondi","ধানমন্ডি","Dhanmondi","frontDesk"
"shell.dhanmondi_dhaka","ধানমন্ডি, ঢাকা","Dhanmondi, Dhaka","shell"
"lab.diabetes_check_up","ডায়াবেটিস চেক-আপ","Diabetes check-up","lab"
"consult.diabetes_package_hba1c_fbs_lipid_creat","ডায়াবেটিস প্যাকেজ","Diabetes package (HbA1c, FBS, Lipid, Creat, Urine R/E)","consult"
"billing.diabetes_package_applied_5_tests_billed","প্যাকেজ প্রয়োগ হয়েছে","Diabetes package applied — 5 tests billed as one line. Press Undo to bill separately.","billing"
"shell.diag","ডায়াগ","Diag","shell"
"admin.diagnoses_icd_11","রোগ নির্ণয়","Diagnoses (ICD-11)","admin"
"doctorApp.diagnosis","রোগ নির্ণয়","Diagnosis","doctorApp"
"ipd.diagnosis_entered","রোগ নির্ণয়","Diagnosis entered","ipd"
"journeys.diagnostic_centre","ডায়াগনস্টিক সেন্টার","Diagnostic centre","journeys"
"shell.diagnostics","ডায়াগনস্টিক","Diagnostics","shell,ds"
"nursing.dictate","ভয়েস","Dictate","nursing"
"consult.diet","খাদ্য","Diet","consult"
"ipd.difference_day","পার্থক্য","Difference/day","ipd"
"frontDesk.different","ভিন্ন","Different","frontDesk"
"frontDesk.different_person_create_new","ভিন্ন ব্যক্তি — নতুন তৈরি","Different person — create new","frontDesk"
"erOt.difficult_airway_risk_no","শ্বাসনালি ঝুঁকি","Difficult airway risk? No","erOt"
"billing.digital","ডিজিটাল মোট","Digital","billing"
"common.digitally_signed","ডিজিটাল স্বাক্ষর","Digitally signed","consult,ipd,print"
"ipd.direct","সরাসরি","Direct","ipd"
"ipd.direct_admission_planned_referral_letter_from","সরাসরি","Direct admission — planned, referral letter from Meghna Diagnostic","ipd"
"common.discharge","ছুটি","Discharge","ipd,erOt,ds"
"journeys.discharge_checklist","ছুটির চেকলিস্ট","Discharge checklist","journeys"
"billing.discharge_clearance","ছাড়পত্র যাচাই","Discharge clearance","billing"
"ds.discharge_patient","ছাড়পত্র দেবেন?","Discharge patient?","ds"
"ipd.discharge_pending","ছাড়পত্র বাকি","Discharge pending","ipd"
"common.discharge_summary","ছাড়পত্র সারাংশ","Discharge summary","ipd,admin,journeys"
"billing.discharge_summary_signed_dr_selina_parveen","ছাড়পত্র স্বাক্ষরিত","Discharge summary signed (Dr. Selina Parveen)","billing"
"ipd.discharged","ছাড়পত্র","Discharged","ipd"
"ipd.discharged_11_40","ছাড়পত্র সম্পন্ন","Discharged 11:40","ipd"
"billing.discount","ছাড়","Discount","billing,ds"
"shell.discount_approved","ছাড় অনুমোদিত","Discount approved","shell"
"billing.discount_or_concession","ছাড় / কনসেশন","Discount or concession","billing"
"owner.discounts","ছাড় ও কনসেশন","Discounts","owner,admin"
"owner.discounts_above_policy","নীতির বাইরে ছাড়","Discounts above policy","owner"
"journeys.discounts_above_policy_need_manager_approval","ছাড় দিলে ম্যানেজারের অনুমোদন লাগে","Discounts above policy need manager approval","journeys"
"pharmacy.dispense","দেওয়া","Dispense","pharmacy"
"pharmacy.dispense_and_print_labels","দিন ও লেবেল প্রিন্ট","Dispense & print labels","pharmacy"
"ds.dispense_medicines","ওষুধ দিন","Dispense medicines","ds"
"pharmacy.dispensed","দেওয়া হয়েছে","Dispensed","pharmacy"
"erOt.disposition","সিদ্ধান্ত","Disposition","erOt"
"journeys.disposition_admit","ভর্তির সিদ্ধান্ত","Disposition: admit","journeys"
"frontDesk.district","জেলা","District","frontDesk"
"frontDesk.division","বিভাগ","Division","frontDesk"
"frontDesk.dob","জন্মতারিখ","DOB","frontDesk,ds"
"common.doctor","ডাক্তার","Doctor","frontDesk,ipd,erOt,admin,journeys,ds"
"frontDesk.doctor_asked","ডাক্তারের নির্দেশে","Doctor asked","frontDesk"
"nursing.doctor_asked_to_hold","ডাক্তারের নির্দেশে","Doctor asked to hold","nursing"
"billing.doctor_cancelled_order","ডাক্তার বাতিল করেছেন","Doctor cancelled order","billing"
"journeys.doctor_consultation","ডাক্তারের পরামর্শ","Doctor consultation","journeys"
"ipd.doctor_discharge_order","ডাক্তারের ছাড়পত্র আদেশ","Doctor discharge order","ipd"
"frontDesk.doctor_referral","ডাক্তার","Doctor referral","frontDesk"
"ipd.doctor_round","রাউন্ড","Doctor round","ipd,journeys"
"frontDesk.doctor_unavailable","ডাক্তার অনুপস্থিত","Doctor unavailable","frontDesk"
"journeys.doctor_s_inbox","ডাক্তারের ইনবক্স","Doctor's inbox","journeys"
"billing.doctor_s_request","ডাক্তারের অনুরোধ","Doctor's request","billing"
"admin.doctors_and_staff","ডাক্তার ও স্টাফ","Doctors & staff","admin"
"owner.doctors_on_time","ডাক্তার উপস্থিতি","Doctors on time","owner"
"common.done","শেষ","Done","frontDesk,billing,ipd,nursing,lab,erOt,admin,ds"
"ipd.done_by","সম্পন্ন করেছেন","Done by","ipd"
"erOt.dose","ডোজ","Dose","erOt"
"ds.dose_pattern","ডোজ","Dose pattern","ds"
"sample.dr","ডা.","Dr.","ds"
"sample.dr_farhana_20_min_late","ডা. ফারহানা ২০ মিনিট দেরিতে","Dr. Farhana 20 min late","shell"
"sample.dr_farhana_islam","ডা. ফারহানা ইসলাম","Dr. Farhana Islam","shell"
"sample.dr_imran_kabir","ডাক্তার নিশ্চিত","Dr. Imran Kabir","erOt"
"sample.dr_kamal_uddin","ডা. কামাল উদ্দিন","Dr. Kamal Uddin","billing"
"sample.dr_mizanur","ডা. মিজানুর","Dr. Mizanur","shell"
"sample.dr_mizanur_rahman","ডা. মিজানুর রহমান","Dr. Mizanur Rahman","shell,billing"
"sample.dr_mizanur_rahman_has_no_chamber","ডা. মিজানুর রহমান শুক্রবার চেম্বারে বসেন না। অন্য দিন বাছুন অথবা ওয়াক-ইন যোগ করুন।","Dr. Mizanur Rahman has no chamber on Fridays.","frontDesk"
"sample.dr_selina_parveen","ডা. সেলিনা পারভীন","Dr. Selina Parveen","shell,billing,ipd"
"common.draft","খসড়া — বৈধ নয়","DRAFT","shell,consult,billing,ipd,pharmacy,doctorApp,network,ds"
"consult.draft_not_final","খসড়া","Draft — not final","consult"
"ipd.draft_autosaved","খসড়া সংরক্ষিত","Draft autosaved","ipd"
"consult.draft_autosaved_to_server_10_44","খসড়া সংরক্ষিত ১০:৪৪","Draft autosaved to server 10:44","consult"
"consult.draft_autosaves_14","খসড়া সংরক্ষণ","Draft autosaves (14)","consult"
"lab.draft_entry","খসড়া","Draft entry","lab"
"frontDesk.draft_on_this_device_temp_d1","এই ডিভাইসে খসড়া","Draft on this device (TEMP-D1-0007) — not on server yet","frontDesk"
"consult.draft_on_this_device_not_sent","এই ডিভাইসে খসড়া — পাঠানো হয়নি","Draft on this device, not sent","consult"
"consult.drafting","খসড়া তৈরি হচ্ছে…","Drafting…","consult"
"shell.drafts_are_not_final","খসড়া চূড়ান্ত নয়","Drafts are not final","shell"
"consult.drafts_can_t_be_printed_or","খসড়া — প্রিন্ট ও SMS স্বাক্ষরের পর","Drafts can't be printed or sent","consult"
"nursing.drain","ড্রেন","Drain","nursing"
"nursing.drain_serous","ড্রেন","Drain (serous)","nursing"
"erOt.drug_fluid","ওষুধ / তরল","Drug / fluid","erOt"
"common.due","বকেয়া","Due","shell,billing,nursing,ds"
"admin.due_05_10","বাকি","Due 05/10","admin"
"nursing.due_14_00","এখন","Due 14:00","nursing"
"shell.due_medications","দেওয়ার সময় হয়েছে","Due medications","shell"
"shell.due_now","এখন","Due now","shell"
"pharmacy.due_this_week","বকেয়া","Due this week","pharmacy"
"lab.due_today","আজ","Due today","lab"
"owner.dues_outstanding","বকেয়া","Dues outstanding","owner"
"billing.duplicate","কপি","Duplicate","billing"
"billing.duplicate_2","অনুলিপি","DUPLICATE #","billing"
"billing.duplicate_bill_same_tests_as_inv","ডুপ্লিকেট বিল","Duplicate bill (same tests as INV/25/0918)","billing"
"frontDesk.duplicate_booking","ডুপ্লিকেট বুকিং","Duplicate booking","frontDesk"
"billing.duplicate_charge","ডুপ্লিকেট চার্জ","Duplicate charge","billing"
"consult.duplicate_class","একই শ্রেণির ওষুধ","Duplicate class:","consult"
"lab.duty_doctor","ডা. ইমরান কবির","duty doctor","lab"
"erOt.dvt_prophylaxis_stockings","প্রতিরোধ","DVT prophylaxis: stockings","erOt"
"consult.e_g_fever_3d_then_enter","অভিযোগ ও সময়, যেমন: জ্বর ৩ দিন","e.g. fever 3d, then Enter","consult"
"doctorApp.each_chamber_grants_its_own_access","প্রতিটি চেম্বার আলাদাভাবে আপনাকে অনুমতি দেয়","Each chamber grants its own access.","doctorApp"
"journeys.each_line_marked_package_included_excluded","প্যাকেজের ভেতর/বাইরে আলাদা চিহ্ন","Each line marked package / included / excluded","journeys"
"nursing.each_shift","প্রতি শিফটে","each shift","nursing"
"pharmacy.earlier_count_error","আগের গণনা ভুল","Earlier count error","pharmacy"
"ipd.earlier_days_are_not_re_priced","আগের দিনের চার্জ বদলাবে না","Earlier days are not re-priced.","ipd"
"doctorApp.earnings","আয়","Earnings","doctorApp"
"shell.ecg","রিপোর্ট দেখানো","ECG","shell,doctorApp"
"ipd.edd","সম্ভাব্য ছাড়পত্র","EDD","ipd"
"billing.edit_request","আবার সম্পাদনা","Edit request","billing"
"consult.edit_with_reason","কারণসহ বদলান","Edit with reason","consult"
"lab.edta_purple_top","বেগুনি","EDTA (purple top)","lab"
"frontDesk.elderly_or_disabled","বয়স্ক বা প্রতিবন্ধী","Elderly or disabled","frontDesk"
"network.emergency","এখনই","Emergency","network"
"common.emergency_access","জরুরি প্রবেশ","Emergency access","consult,network,ds"
"network.emergency_access_break_glass","৫. জরুরি প্রবেশ","Emergency access (break glass)","network"
"ds.emergency_access_break_glass","জরুরি প্রবেশ","Emergency access (break-glass)","ds"
"nursing.emergency_elsewhere","জরুরি অবস্থায় ব্যস্ত","Emergency elsewhere","nursing"
"nursing.emergency_response","জরুরি","Emergency response","nursing"
"ds.emergency_treatment","জরুরি চিকিৎসা","Emergency treatment","ds"
"erOt.emergent","স্তর ২","Emergent","erOt"
"lab.en_route","পথে","En route","lab"
"network.end_access_now","এখনই বন্ধ করুন","End access now","network"
"ds.end_now","শেষ করুন","End now","ds"
"journeys.end_of_journey","যাত্রা শেষ","End of journey","journeys"
"journeys.enter_bangla_english_name_dob_or","বাংলা ও ইংরেজি নাম, জন্ম তারিখ বা আনুমানিক বয়স, ফোনটি কার, ঠিকানা দিন। ডানদিকে ডুপ্লিকেট চেক চলতে থাকে।","Enter Bangla + English name, DOB or approximate age, whose phone it is and the address. The duplicate check runs live on the right.","journeys"
"nursing.enter_pin","দিন","Enter PIN","nursing"
"billing.enter_tendered","গ্রহণ বাকি","Enter tendered","billing"
"lab.enter_today_s_qc","আজকের QC","Enter today's QC","lab"
"ds.enter_trxid","লিখুন","Enter TrxID","ds"
"frontDesk.enter_weight_and_height","ওজন ও উচ্চতা দিন","Enter weight and height","frontDesk"
"billing.entries","লাইন","Entries","billing"
"erOt.equipment_problems_noted","যন্ত্রের সমস্যা","Equipment problems noted","erOt"
"common.er","জরুরি","ER","shell,ipd,ds"
"journeys.er_details_carry_into_admission","ইআর তথ্য ভর্তিতে যায়","ER details carry into admission","journeys"
"journeys.er_doctor","ইআর ডাক্তার","ER doctor","journeys"
"ipd.er_exemption","অগ্রিম কম — জরুরি ভর্তি অনুমোদিত","ER exemption","ipd"
"shell.er_patient_arriving","জরুরি রোগী আসছে","ER patient arriving","shell"
"erOt.er_triage","ট্রায়াজ","ER triage","erOt,journeys"
"nursing.escalated_to","জানানো হয়েছে","Escalated to","nursing"
"nursing.escalations","জরুরি এস্কেলেশন","Escalations","nursing"
"consult.essential_hypertension","উচ্চ রক্তচাপ","Essential hypertension","consult,admin"
"erOt.essential_imaging_displayed","প্রয়োজনীয় ইমেজ দেখানো","Essential imaging displayed","erOt"
"consult.est","আনুমানিক","est.","consult"
"ipd.est_3_more_days","আনুমানিক ৩ দিন","Est. 3 more days","ipd"
"ds.estimated","আনুমানিক","Estimated","ds"
"lab.event","ঘটনা","Event","lab"
"nursing.every_2_h","২ ঘণ্টা পরপর","every 2 h","nursing,owner"
"nursing.every_4_h","৪ ঘণ্টা পরপর","every 4 h","nursing"
"consult.every_change_autosaves_to_the_server","প্রতিটি পরিবর্তন সার্ভারে সংরক্ষিত হচ্ছে","Every change autosaves to the server. Not visible to pharmacy or patient until signed.","consult"
"journeys.every_state_has_text_and_an","সব অবস্থায় লেখা ও আইকন","Every state has text and an icon","journeys"
"billing.every_view_rule_change_and_payout","সম্পূর্ণ অডিট","Every view, rule change and payout is logged with user and time. Entries from refunded bills reverse automatically.","billing"
"admin.everything_can_be_changed_later","সব পরে বদলানো যাবে","Everything can be changed later.","admin"
"shell.everything_syncs_automatically_when_we_are","শেষ হলে সব পরিবর্তন নিজে থেকে সিঙ্ক হবে","Everything syncs automatically when we are back","shell"
"frontDesk.everything_you_typed_is_kept","আপনার লেখা সব তথ্য রাখা আছে","Everything you typed is kept.","frontDesk"
"consult.examination","পরীক্ষা","Examination","consult"
"ds.excess_held_as_advance","প্যাকেজের চেয়ে বেশি — বাকি টাকা অগ্রিম হিসেবে থাকবে","Excess held as advance","ds"
"consult.excessive_thirst","অতিরিক্ত পিপাসা","Excessive thirst","consult"
"billing.excluded","বাদ","Excluded","billing"
"billing.excluded_items","বাদ পড়া সেবা","Excluded items","billing"
"billing.excluded_billed_separately","বাদ — আলাদা বিল","Excluded, billed separately","billing"
"admin.exempt","৳ 450","Exempt","admin"
"shell.expand_menu","মেনু বড় করুন","Expand menu","shell"
"pharmacy.expected","ডেলিভারি","Expected","pharmacy"
"billing.expected_in_drawer","থাকার কথা","Expected in drawer","billing"
"shell.expected_in_drawer_cash_float","ড্রয়ারে থাকার কথা (নগদ + প্রারম্ভিক)","Expected in drawer (cash + float)","shell"
"pharmacy.expired","মেয়াদোত্তীর্ণ","Expired","pharmacy"
"pharmacy.expires","মেয়াদ কাছে","Expires","pharmacy"
"journeys.explains_why_otp_alone_isn_t","শুধু OTP কেন যথেষ্ট নয়, ব্যাখ্যা আছে","Explains why OTP alone isn't enough","journeys"
"lab.external_paper_prescription_tests_entered_by","বাইরের প্রেসক্রিপশন","External paper prescription — tests entered by staff from the photo","lab"
"sample.external_rx","বাইরের প্রেসক্রিপশন","External Rx","lab"
"billing.extra_day","অতিরিক্ত দিন","Extra day","billing"
"billing.extra_for_patient_est_2_more","রোগীর অতিরিক্ত","Extra for patient (est. 2 more days)","billing"
"consult.eye","চক্ষু (ডায়াবেটিক রেটিনা)","Eye","consult"
"lab.facility_setting_ipd_and_corporate_exempt","সেটিং","Facility setting, IPD & corporate exempt","lab"
"billing.failed","ব্যর্থ","Failed","billing"
"lab.failed_number_unreachable","ব্যর্থ","Failed — number unreachable","lab"
"ds.failed_1","ব্যর্থ","Failed (1)","ds"
"journeys.failed_deliveries_can_be_retried","ব্যর্থ হলে Retry","Failed deliveries can be retried","journeys"
"ds.failed_retry","ব্যর্থ — আবার চেষ্টা","Failed, retry","ds"
"frontDesk.family","পরিবারের","Family","frontDesk,nursing"
"erOt.family_identified_in_person","পরিবার দেখে শনাক্ত","Family identified in person","erOt"
"erOt.family_informed_in_person","পরিবারকে জানানো","Family informed in person","erOt"
"sample.farzana_akter","ফারজানা আক্তার","Farzana Akter","shell,frontDesk,ds"
"frontDesk.fast_above_100_bpm","দ্রুত","Fast — above 100 bpm","frontDesk"
"patientApp.fasting_blood_glucose","খালি পেটে রক্তে চিনি","Fasting blood glucose","patientApp"
"erOt.fasting_since_00_00","খালি পেট","Fasting since 00:00","erOt"
"frontDesk.father","বাবা","Father","frontDesk,ipd"
"frontDesk.fee","ফি","Fee","frontDesk"
"frontDesk.fever_100_4_f_or_more","জ্বর","Fever — 100.4 °F or more","frontDesk"
"frontDesk.field","ঘর","Field","frontDesk"
"frontDesk.field_source","তথ্যের উৎস","Field source","frontDesk"
"ds.file_is_over_10_mb","ফাইল ১০ MB-এর বেশি","File is over 10 MB","ds"
"frontDesk.fill_from_nid","থেকে পূরণ","Fill from NID","frontDesk"
"common.final","চূড়ান্ত","FINAL","shell,consult,ds"
"common.final_bill","চূড়ান্ত বিল","Final bill","billing,ipd,journeys"
"journeys.final_bill_blocked_while_pharmacy_returns","ফার্মেসি রিটার্ন বাকি থাকলে বিল বন্ধ","Final bill blocked while pharmacy returns are pending","journeys"
"billing.final_bill_has_dues","চূড়ান্ত বিল বকেয়া","Final bill has dues","billing"
"billing.final_bill_settled_from_deposit","চূড়ান্ত বিল পরিশোধ","Final bill settled from deposit","billing"
"billing.final_summary","চূড়ান্ত","Final summary","billing"
"ipd.financial_responsibility","আর্থিক দায় ও প্যাকেজ শর্ত","Financial responsibility","ipd"
"ds.find_patient","রোগী খুঁজুন","Find patient","ds"
"frontDesk.finding_possible_matches","সম্ভাব্য মিল খোঁজা হচ্ছে…","Finding possible matches…","frontDesk"
"erOt.findings","ফাইন্ডিংস","Findings","erOt"
"frontDesk.fix_impossible_values_to_save","ভুল মান ঠিক না করে সংরক্ষণ হবে না","Fix impossible values to save","frontDesk"
"admin.flag","সতর্কতা","Flag","admin"
"frontDesk.flags","চিহ্ন","Flags","frontDesk,admin"
"admin.flags_and_qr_always_print_in","ফ্ল্যাগ (H/L/!!) ও QR সবসময় কালো কালিতে","Flags and QR always print in black for photocopies.","admin"
"ipd.floor_2","তলা ২","Floor 2","ipd"
"ipd.floor_3","তলা ৩","Floor 3","ipd"
"lab.fluoride_grey_top","ধূসর","Fluoride (grey top)","lab"
"frontDesk.focus_search","খুঁজুন","focus search","frontDesk"
"common.follow_up","ফলো-আপ","Follow-up","frontDesk,consult,erOt"
"admin.footer","নিচে","Footer","admin"
"shell.for_patient_privacy_setu_signs_you","রোগীর গোপনীয়তার জন্য ১৫ মিনিট কাজ না করলে Setu সাইন আউট করে।","For patient privacy, Setu signs you out after 15 minutes without activity.","shell"
"frontDesk.for_sms_reports_and_reminders","রিপোর্ট ও অ্যাপয়েন্টমেন্টের জন্য","For SMS reports and reminders","frontDesk"
"erOt.found_at","কোথায় পাওয়া গেছে","Found at","erOt"
"shell.free","খালি","Free","shell"
"billing.freedom_fighter","মুক্তিযোদ্ধা","Freedom fighter","billing"
"billing.freedom_fighter_concession","মুক্তিযোদ্ধা কনসেশন","Freedom-fighter concession","billing"
"ipd.from","বর্তমান","From","ipd"
"consult.from_ai_draft_review","থেকে যোগ — পর্যালোচনা করুন","From AI draft, review","consult"
"billing.from_consultation","পরামর্শ থেকে","From consultation","billing"
"shell.from_er","ER থেকে","From ER","shell"
"ipd.from_er_11_30","থেকে","From ER 11:30","ipd"
"frontDesk.from_nid","থেকে","From NID","frontDesk"
"shell.from_nodi_general_hospital","নদী জেনারেল হাসপাতাল থেকে","From Nodi General Hospital","shell"
"lab.from_nodi_general_hospital_chattogram","নদী জেনারেল হাসপাতাল থেকে","From Nodi General Hospital, Chattogram","lab"
"ipd.from_ot_13_00","থেকে","From OT 13:00","ipd"
"shell.front_desk","ফ্রন্ট ডেস্ক","Front desk","shell,ds"
"shell.front_desk_1","ফ্রন্ট ডেস্ক ১","Front desk 1","shell"
"frontDesk.full","পূর্ণ","Full","frontDesk"
"consult.gastro_oesophageal_reflux_disease","গ্যাস্ট্রিক / এসিডিটি","Gastro-oesophageal reflux disease","consult"
"frontDesk.gazipur","গাজীপুর","Gazipur","frontDesk"
"consult.general","সাধারণ","General","consult"
"ipd.general_admission_consent","ভর্তির সাধারণ সম্মতি","General admission consent","ipd"
"print.genuine_report","আসল রিপোর্ট","Genuine report","print"
"common.given","দেওয়া","Given","shell,nursing,ds"
"nursing.given_late","দেরিতে দেওয়া","Given late","nursing"
"journeys.given_stays_locked_until_both_scans","দুটো স্ক্যান ছাড়া Given বন্ধ","Given stays locked until both scans","journeys"
"erOt.glc_220788_merged","মো. সেলিম রেজা","GLC-220788 (merged)","erOt"
"erOt.glc_240208","জাহাঙ্গীর আলম","GLC-240208","erOt"
"ds.go_back","ফিরে যান","Go back","ds"
"shell.go_home","হোমে যান","Go home","shell"
"admin.go_live","চালু করুন","Go live","admin"
"shell.go_to","যান:","Go to","shell"
"admin.go_live_checklist","চালুর তালিকা","Go-live checklist","admin"
"owner.good_morning","শুভ সকাল, আনোয়ার","Good morning","owner"
"shell.good_morning","শুভ সকাল,","Good morning,","shell"
"sample.green_life","গ্রিন লাইফ","Green Life","doctorApp"
"shell.green_life_clinic","গ্রিন লাইফ ক্লিনিক","Green Life Clinic","shell"
"doctorApp.green_life_clinic_mirpur","গ্রিন লাইফ ক্লিনিক, মিরপুর","Green Life Clinic, Mirpur","doctorApp"
"shell.green_life_records_need_patient_consent","গ্রিন লাইফের রোগীর রেকর্ড দেখতে রোগীর সম্মতি লাগবে","Green Life records need patient consent via Network","shell"
"pharmacy.grn","মাল গ্রহণ","GRN","pharmacy"
"billing.gross","মোট","Gross","billing"
"frontDesk.guardian","অভিভাবক","Guardian","frontDesk"
"ipd.guardian_and_attendant","অভিভাবক / সহায়ক","Guardian & attendant","ipd"
"ipd.guardian_details","অভিভাবক","Guardian details","ipd"
"frontDesk.guardian_id","অভিভাবকের রোগী নং","Guardian ID","frontDesk"
"ipd.guardian_id_copy","অভিভাবকের NID কপি","Guardian ID copy","ipd"
"frontDesk.guardian_name","অভিভাবকের নাম","Guardian name","frontDesk"
"lab.haematology","রক্তবিজ্ঞান","Haematology","lab"
"lab.haemolysed","হিমোলাইসিস","Haemolysed","lab"
"billing.hand_over_and_close_shift","হস্তান্তর ও বন্ধ","Hand over & close shift","billing"
"billing.hand_over_to","হস্তান্তর","Hand over to","billing"
"shell.handover","হ্যান্ডওভার","Handover","shell,nursing"
"ipd.handover_note","নার্সিং হস্তান্তর নোট","Handover note","ipd"
"frontDesk.hathazari","হাটহাজারী","Hathazari","frontDesk"
"shell.hba1c","রহিমা খাতুন","HbA1c","shell,patientApp"
"ipd.hdu_2","সুমাইয়া রহমান","HDU-2","ipd"
"admin.header","উপরে","Header","admin"
"sample.health_passport","রোগীর অ্যাপ","Health Passport","lab"
"frontDesk.height","উচ্চতা","Height","frontDesk"
"nursing.held","স্থগিত","Held","nursing"
"shell.high","উচ্চ","High","shell,owner"
"frontDesk.high","বেশি","High —","frontDesk"
"frontDesk.high_above_140_90_mmhg","বেশি","High — above 140/90 mmHg","frontDesk"
"shell.high_inform_doctor_now","উচ্চ ঝুঁকি — এখনই ডাক্তারকে জানান","High — inform doctor now","shell"
"shell.high_contrast","উচ্চ কনট্রাস্ট","High contrast","shell"
"frontDesk.high_fever_tell_the_doctor","উচ্চ জ্বর","High fever — tell the doctor","frontDesk"
"consult.history","রোগীর ইতিহাস","History","consult,patientApp"
"common.home","বাড়ি","Home","shell,lab,doctorApp,patientApp"
"lab.home_visit","বাড়িতে","Home visit","lab"
"erOt.hours","সময়","Hours","erOt"
"erOt.how_was_identity_confirmed","প্রমাণ","How was identity confirmed?","erOt"
"frontDesk.husband","স্বামী","Husband","frontDesk,ipd"
"ds.i_have_read_and_checked_the","আমি AI খসড়াটি পড়েছি ও যাচাই করেছি","I have read and checked the AI draft","ds"
"consult.i_reviewed_the_text_inserted_from","থেকে যোগ করা অংশ আমি পড়েছি ও ঠিক করেছি","I reviewed the text inserted from the AI draft","consult"
"nursing.i_o_notes_care","I/O ও নোট","I/O, notes, care","nursing"
"ipd.id","রোগী নং","ID","ipd"
"frontDesk.id_type","পরিচয়পত্র","ID type","frontDesk"
"frontDesk.id_payer_and_referral","পরিচয়পত্র, পেয়ার ও রেফারেল","ID, payer & referral","frontDesk"
"erOt.identifying_features","চেনার চিহ্ন","Identifying features","erOt"
"frontDesk.identity","পরিচয়","Identity","frontDesk,ds"
"shell.identity_unverified","পরিচয় যাচাই হয়নি","Identity unverified","shell"
"erOt.identity_site_procedure_consent_confirmed","পরিচয়, স্থান, প্রক্রিয়া, সম্মতি নিশ্চিত","Identity, site, procedure, consent confirmed","erOt"
"common.imaging","ইমেজিং","Imaging","consult,lab,ds"
"erOt.implant","ইমপ্লান্ট","Implant","erOt"
"nursing.in","আগত","In","nursing"
"shell.in_1_h","১ ঘণ্টা পর","In 1 h","shell"
"shell.in_1_5_h","দেড় ঘণ্টা পর","In 1.5 h","shell"
"journeys.in_active_tap_stop_sharing_confirm","“চলমান” ট্যাবে “শেয়ার বন্ধ করুন” → নিশ্চিত। তারপর “কে দেখেছে” দেখুন।","In Active, tap “Stop sharing” → confirm. Then check “Who viewed”.","journeys"
"shell.in_consultation","পরামর্শ চলছে","In consultation","shell"
"erOt.in_ot","রোগী OT-তে","In OT","erOt"
"lab.in_person","সরাসরি","In person","lab"
"common.in_progress","চলছে","In progress","ipd,erOt,ds"
"lab.in_transit","আসছে","In transit","lab"
"erOt.in_use","ব্যবহারে","In use","erOt"
"nursing.incentive_spirometry","শ্বাসের ব্যায়াম","Incentive spirometry","nursing"
"nursing.incident","ঘটনা","Incident","nursing"
"erOt.incision","কাটা","Incision","erOt"
"ds.include_vat","যুক্ত","Include VAT","ds"
"billing.included","অন্তর্ভুক্ত","Included","billing"
"nursing.incoming","আগত","Incoming","nursing"
"nursing.increase_monitoring","নজরদারি বাড়ান","Increase monitoring","nursing"
"pharmacy.indents","ইনডেন্ট","Indents","pharmacy"
"shell.inform_doctor_now","এখনই ডাক্তারকে জানান","Inform doctor now","shell"
"nursing.inform_duty_doctor_now","ডিউটি ডাক্তারকে জানান","Inform duty doctor now","nursing"
"lab.informed","কাকে জানিয়েছেন","Informed","lab"
"doctorApp.inpatients_assigned_to_you","প্রবেশ: নদী জেনারেল","Inpatients assigned to you","doctorApp"
"doctorApp.insert_editable","নোটে যোগ করুন","Insert (editable)","doctorApp"
"consult.insert_into_note","নোটে যোগ করুন","Insert into note","consult"
"consult.inserted_as_editable_text","যোগ হয়েছে — নোটে সম্পাদনযোগ্য","Inserted as editable text","consult"
"journeys.install_language_otp","ইনস্টল, ভাষা, OTP","Install, language, OTP","journeys"
"consult.instruction","বিশেষ নির্দেশনা (বাংলা)","Instruction","consult"
"nursing.instruction_received","নির্দেশনা","Instruction received","nursing"
"erOt.instrument_sets","যন্ত্রপাতি সেট","Instrument sets","erOt"
"erOt.instrument_swab_needle_counts_correct","যন্ত্র, সোয়াব, সুই গণনা সঠিক","Instrument, swab, needle counts correct","erOt"
"erOt.instruments","যন্ত্র","Instruments","erOt"
"lab.insufficient_volume","পরিমাণ কম","Insufficient volume","lab"
"common.insurance","বীমা","Insurance","frontDesk,ipd,owner,ds"
"billing.insurance_claim","বীমা দাবির জন্য","Insurance claim","billing"
"nursing.intake","ইনটেক","Intake","nursing,lab"
"nursing.intake_and_output","ইনটেক/আউটপুট","Intake & output","nursing"
"admin.integrations","ইন্টিগ্রেশন","Integrations","admin"
"consult.interaction_acknowledged","মিথস্ক্রিয়া স্বীকৃত","Interaction acknowledged","consult"
"consult.interaction","মিথস্ক্রিয়া","Interaction:","consult"
"billing.interim_bill","অন্তর্বর্তী বিল","Interim bill","billing"
"erOt.intra_op_and_cssd","ইন্ট্রা-অপ","Intra-op & CSSD","erOt"
"erOt.intra_op_notes","ইন্ট্রা-অপ নোট","Intra-op notes","erOt"
"network.investigate","তদন্ত","Investigate","network"
"admin.invite_staff","আমন্ত্রণ","Invite staff","admin"
"print.invoice","বিল / রসিদ","INVOICE","print"
"pharmacy.invoices","চালান","Invoices","pharmacy"
"shell.ipd_and_beds","ভর্তি ও শয্যা","IPD & beds","shell,ds"
"billing.ipd_bill","আইপিডি বিল","IPD bill","billing"
"journeys.ipd_billing","আইপিডি বিলিং","IPD billing","journeys"
"consult.iron_deficiency_anaemia","রক্তস্বল্পতা (আয়রন)","Iron deficiency anaemia","consult"
"frontDesk.is_the_guardian","ইনিই অভিভাবক","Is the guardian","frontDesk"
"ipd.isolation","সংক্রমণ আলাদা রাখা","Isolation","ipd"
"pharmacy.issue_to_ward","দিন","Issue to ward","pharmacy"
"pharmacy.issued","দেওয়া হয়েছে","Issued","pharmacy"
"pharmacy.issued_without_entry","রেকর্ড ছাড়া দেওয়া","Issued without entry","pharmacy"
"billing.item","সেবা","Item","billing,pharmacy"
"pharmacy.items_counted","গণনা করা আইটেম","Items counted","pharmacy"
"shell.j_alam","জা. আলম","J. Alam","shell"
"sample.jahangir_alam","জাহাঙ্গীর আলম","Jahangir Alam","shell,frontDesk,nursing,ds"
"shell.jahid","জাহিদ","Jahid","shell"
"sample.jahid_hasan","জাহিদ হাসান","Jahid Hasan","shell"
"sample.jashim_uddin","জসিম উদ্দিন","Jashim Uddin","nursing"
"journeys.journey_complete","যাত্রা শেষ","Journey complete","journeys"
"network.justified","যথাযথ","Justified","network"
"shell.k_hasan","ক. হাসান","K. Hasan","shell"
"frontDesk.kaliakair","কালিয়াকৈর","Kaliakair","frontDesk"
"sample.kamrul_hasan","কামরুল হাসান","Kamrul Hasan","shell,frontDesk,billing,nursing,ds"
"billing.keep_as_advance","অগ্রিম হিসেবে রাখুন","Keep as advance","billing"
"ds.keep_as_draft","খসড়া রাখুন","Keep as draft","ds"
"ds.keep_bill","রাখুন","Keep bill","ds"
"ds.keep_both_as_separate_readings_10","দুটিই আলাদা রিডিং হিসেবে রাখুন","Keep both as separate readings (10:38 and 10:40)","ds"
"erOt.key_concerns_for_recovery_handed_over","রিকভারির মূল উদ্বেগ","Key concerns for recovery handed over","erOt"
"billing.keys","কীবোর্ড","Keys","billing"
"erOt.known_allergy_no","অ্যালার্জি জানা","Known allergy? No","erOt"
"frontDesk.kotwali","কোতোয়ালী","Kotwali","frontDesk"
"frontDesk.kulaura","কুলাউড়া","Kulaura","frontDesk"
"shell.lab","ল্যাব","Lab","shell,consult"
"consult.lab_report_cbc_hba1c_electrolytes","আজ 09:50","Lab report · CBC, HbA1c, Electrolytes","consult"
"admin.lab_results","ল্যাব ফলাফল","Lab results","admin"
"journeys.lab_technologist","ল্যাব টেকনোলজিস্ট","Lab technologist","journeys"
"owner.lab_tests","ল্যাব টেস্ট","Lab tests","owner"
"ds.lab_worklist","ল্যাব","Lab worklist","ds"
"pharmacy.label_50_30_mm","লেবেল প্রিভিউ","Label (50 × 30 mm)","pharmacy"
"lab.label_mismatch","লেবেল মেলেনি","Label mismatch","lab"
"lab.laboratory_report","ল্যাব রিপোর্ট","LABORATORY REPORT","lab,admin"
"admin.language","ভাষা","Language","admin"
"shell.language_and_numeral_settings_stay_the","ভাষা ও সংখ্যার সেটিং একই থাকবে","Language and numeral settings stay the same","shell"
"erOt.lap_01_expired_not_used_sent","সেটের মেয়াদ শেষ — আজ ব্যবহার করা হয়নি, CSSD-তে পুনরায় জীবাণুমুক্তির জন্য","LAP-01 expired: not used, sent for re-sterilisation.","erOt"
"patientApp.large_text","বড় লেখা","Large text","patientApp"
"nursing.larger_dots_out_of_range_bp","বড় বিন্দু = সীমার বাইরে (লাল ব্যাজসহ)","Larger dots = out of range. BP: solid = systolic, dashed = diastolic.","nursing"
"shell.largest_due_first","বকেয়া বেশি আগে","Largest due first","shell"
"common.last","শেষ ভিজিট","Last","frontDesk,nursing,ds"
"consult.last_vitals","শেষ ভাইটাল","Last vitals","consult"
"common.later","পরে","Later","nursing,doctorApp,ds"
"owner.leakage_and_alerts","লিকেজ ও সতর্কতা","Leakage & alerts","owner"
"journeys.leakage_alert","লিকেজ সতর্কতা","Leakage alert","journeys"
"erOt.less_urgent","স্তর ৪","Less urgent","erOt"
"erOt.level","ট্রায়াজ","Level","erOt"
"network.life_threatening","জীবন-সংকট","Life-threatening","network"
"frontDesk.likely_a_returning_patient_being_registered","সম্ভবত পুরনো রোগী আবার নিবন্ধিত হচ্ছেন। লিংক করলে আগের সব রেকর্ড, অ্যালার্জি ও রিপোর্ট একসাথে থাকবে।","Likely a returning patient being registered again. Linking keeps past records, allergies and reports together.","frontDesk"
"billing.limit","সীমা","Limit","billing"
"admin.limits_in_masters","সীমা মাস্টার-এ","Limits in Masters","admin"
"shell.link","লিংক","Link","shell"
"ds.link_delivered_10_47_waiting_for","লিংক পৌঁছেছে","Link delivered 10:47 — waiting for payment (not paid yet)","ds"
"billing.link_sent_waiting_for_the_patient","পেমেন্ট লিংক পাঠানো হয়েছে ১০:৪৭। রোগী ফোনে পরিশোধ করলে নিজে থেকে নিশ্চিত হবে (১৫ মিনিট মেয়াদ)।","Link sent — waiting for the patient to pay. Expires in 14:32.","billing"
"shell.link_sent_10_38","লিংক পাঠানো ১০:৩৮","link sent 10:38","shell"
"doctorApp.linked","যুক্ত","Linked","doctorApp"
"frontDesk.linked_to","লিংক হয়েছে","Linked to","frontDesk"
"lab.links_are_otp_protected_and_valid","লিংকগুলো OTP-সুরক্ষিত, ৩০ দিন বৈধ","Links are OTP-protected and valid 30 days. WhatsApp only with patient consent.","lab"
"lab.lipid_s_creatinine","আব্দুর রহিম","Lipid, S. Creatinine","lab"
"shell.list","তালিকা","List","shell,owner"
"doctorApp.listen","শুনুন","Listen","doctorApp"
"consult.listen_again","আবার শুনুন","Listen again","consult"
"consult.listening_to_doctor_and_patient","শোনা হচ্ছে… রোগী ও ডাক্তার দুজনের কথা","Listening to doctor and patient","consult"
"admin.live","চালু","Live","admin"
"frontDesk.loading_queue","সিরিয়াল লোড হচ্ছে…","Loading queue…","frontDesk"
"frontDesk.loading_schedule","সময়সূচি লোড হচ্ছে…","Loading schedule…","frontDesk"
"pharmacy.location","স্থান","Location","pharmacy"
"erOt.locked","লক","Locked","erOt"
"ds.locked_after_registration","নিবন্ধনের পর পরিবর্তন করা যায় না","Locked after registration","ds"
"lab.log_call","কল লগ করুন","Log call","lab"
"ipd.long_stays_7_days","দীর্ঘ অবস্থান","Long stays (7+ days)","ipd"
"ipd.los_distribution_discharges","অবস্থানকাল বণ্টন","LOS distribution (discharges)","ipd"
"billing.low","কম","Low","billing"
"ipd.low_alert_sent","কম","Low — alert sent","ipd"
"frontDesk.low_below_3_9","কম","Low — below 3.9","frontDesk"
"frontDesk.low_below_90_systolic","কম","Low — below 90 systolic","frontDesk"
"frontDesk.low_below_95","কম","Low — below 95%","frontDesk"
"shell.low_recheck_in_4_hours","কম — ৪ ঘণ্টায় দেখুন","Low — recheck in 4 hours","shell"
"pharmacy.low_reorder","কম","Low — reorder","pharmacy"
"nursing.low_bp","কম","Low BP","nursing"
"pharmacy.low_stock","কম স্টক","Low stock","pharmacy"
"frontDesk.low_temperature","কম","Low temperature","frontDesk"
"patientApp.lr_2q9w_6hbn","২৯/০৯/২০২৬","LR-2Q9W-6HBN","patientApp"
"sample.lucky_begum","লাকি বেগম","Lucky Begum","frontDesk"
"lab.machine_values_locked_unless_overridden_with","পরের ঘর","Machine values locked unless overridden with reason","lab"
"sample.mahfuza_khanam","মাহফুজা খানম","Mahfuza Khanam","frontDesk"
"shell.main_navigation","প্রধান মেনু","Main navigation","shell"
"erOt.major","প্রধান","Major","erOt"
"admin.manager","ম্যানেজার","Manager","admin"
"admin.manager_laptop_chrome","Approval limit: cashier discount ৳ 300 → ৳ 500","Manager laptop · Chrome","admin"
"billing.manager_on_duty","ম্যানেজার","Manager on duty","billing"
"lab.manual","হাতে","Manual","lab"
"shell.mark_all_read","সব পড়া হয়েছে","Mark all read","shell"
"network.mark_collected_barcode_scanned","নমুনা নেওয়া হয়েছে","Mark collected (barcode scanned)","network"
"ipd.mark_ready","পরিষ্কার সম্পন্ন","Mark ready","ipd"
"nursing.mark_reviewed_incoming","দেখেছি","Mark reviewed (incoming)","nursing"
"lab.marked_rejected_recollection_sms_sent_to","বাতিল","Marked rejected — recollection SMS sent to patient.","lab"
"admin.masters","মাস্টার","Masters","admin"
"common.match","মিল","Match","billing,pharmacy,erOt"
"consult.matched_on_familiar_terms","মিলেছে পরিচিত নাম দিয়ে","matched on familiar terms","consult"
"frontDesk.matches","মিল যাচাই","Matches","frontDesk"
"sample.md","মো.","Md.","ds"
"sample.md_hasan","মো. হাসান","Md. Hasan","erOt"
"sample.md_jashim_uddin","মো. জসিম উদ্দিন","Md. Jashim Uddin","frontDesk"
"sample.md_karim_uddin","মো. করিম উদ্দিন","Md. Karim Uddin","shell,frontDesk,nursing,ds"
"nursing.measure_drain_output","ড্রেন আউটপুট মাপা","Measure drain output","nursing"
"frontDesk.measured_today","আজ মাপা","Measured today","frontDesk"
"lab.median_tat","গড় TAT","Median TAT","lab"
"consult.medical_certificate","মেডিকেল সনদ","Medical certificate","consult"
"nursing.medication","ওষুধ","Medication","nursing"
"journeys.medication_round","ওষুধ দেওয়া (MAR)","Medication round","journeys"
"nursing.medications","ওষুধ (MAR)","Medications","nursing"
"consult.medicine","ওষুধ","Medicine","consult,ipd"
"patientApp.medicines","ওষুধ","Medicines","patientApp"
"admin.medicines_dgda_linked","ওষুধ","Medicines (DGDA-linked)","admin"
"erOt.medico_legal_police_informed_rta","পুলিশ কেস","Medico-legal: police informed (RTA)","erOt"
"erOt.medico_legal_police_notification_is_required","মেডিকো-লিগ্যাল কেস","Medico-legal: police notification is required before signing.","erOt"
"shell.medium_recheck_in_1_hour","মাঝারি — ১ ঘণ্টায় আবার দেখুন","Medium — recheck in 1 hour","shell"
"nursing.meds_overdue_or_due","ওষুধ দেরি/এখন","Meds overdue or due","nursing"
"billing.meghna_diagnostic","মেঘনা ডায়াগনস্টিক","Meghna Diagnostic","billing"
"erOt.merge_into_glc_220788","মার্জ করুন","Merge into GLC-220788","erOt"
"erOt.merge_with_real_identity","পরিচয় মেলানো","Merge with real identity","erOt"
"erOt.merged","মার্জ হয়েছে","Merged","erOt"
"erOt.merged_glc_220788","মার্জ হয়েছে","Merged GLC-220788","erOt"
"billing.method","মাধ্যম","Method","billing,ds"
"doctorApp.mews_6_1","৩ রোগী ভর্তি","MEWS 6 · 1","doctorApp"
"shell.mews_alerts","MEWS সতর্কতা","MEWS alerts","shell"
"journeys.mews_escalation","MEWS এসকেলেশন","MEWS escalation","journeys"
"lab.microbiology","মাইক্রোবায়োলজি","Microbiology","lab"
"ipd.minimum","ন্যূনতম জমা","Minimum","ipd"
"ds.minimum_deposit_met","ন্যূনতম জমা পূরণ হয়েছে","Minimum deposit met","ds"
"ipd.minimum_met_receipt_and_sms_go","ন্যূনতম পূরণ","Minimum met. Receipt and SMS go to the guardian.","ipd"
"frontDesk.mirpur","মিরপুর","Mirpur","frontDesk,owner"
"lab.mirpur_1","মিরপুর ১, রোড ৪, বাসা ১৮","Mirpur 1","lab"
"lab.mirpur_10","মিরপুর ১০, সি ব্লক, বাসা ২২","Mirpur 10","lab"
"erOt.mirpur_10_roundabout","মিরপুর ১০ গোলচত্বর","Mirpur 10 roundabout","erOt"
"lab.mirpur_2","মিরপুর ২, সেনপাড়া, বাসা ৭","Mirpur 2","lab"
"shell.mirpur_branch","মিরপুর শাখা","Mirpur branch","shell"
"erOt.mirpur_police","মিরপুর থানা পুলিশ","Mirpur police","erOt"
"shell.mirpur_dhaka","মিরপুর, ঢাকা","Mirpur, Dhaka","shell"
"erOt.mismatch","মিলছে না","Mismatch","erOt"
"nursing.missed","বাদ","Missed","nursing"
"frontDesk.missing","নেই","Missing","frontDesk"
"sample.mitu_das","মিতু দাস","Mitu Das","nursing"
"common.mobile","মোবাইল","Mobile","frontDesk,ipd,doctorApp"
"frontDesk.mobile_needs_11_digits","মোবাইল নম্বরে ১১টি সংখ্যা লাগবে","Mobile needs 11 digits","frontDesk"
"ds.mobile_number","মোবাইল নম্বর","Mobile number","ds"
"admin.module","মডিউল","Module","admin"
"shell.money","হিসাব","Money","shell,ds"
"shell.money_and_operations","অর্থ ও কাজের ঝুঁকি","Money and operations","shell"
"common.money_receipt","টাকা জমার রসিদ","MONEY RECEIPT","billing,admin,print"
"ds.months_and_days_matter_for_paediatric","আজকের তারিখ ২৯/০৯/২০২৬ ধরে হিসাব। শিশুদের জন্য মাস ও দিন ওষুধের ডোজে কাজে লাগে।","Months and days matter for paediatric dosing.","ds"
"patientApp.more","আরও","More","patientApp"
"ds.morning","সকাল","Morning","ds"
"nursing.morning_evening","সকাল → বিকেল","Morning → Evening","nursing"
"journeys.morning_dashboard","সকালের ড্যাশবোর্ড","Morning dashboard","journeys"
"frontDesk.mother","মা","Mother","frontDesk,ipd"
"frontDesk.moulvibazar","মৌলভীবাজার","Moulvibazar","frontDesk"
"sample.mousumi_akter","মৌসুমী আক্তার","Mousumi Akter","frontDesk,lab"
"frontDesk.move","সরান","Move","frontDesk"
"ipd.moved","স্থানান্তর সম্পন্ন","Moved","ipd"
"shell.my_approval_requests","আমার অনুমোদন অনুরোধ","My approval requests","shell"
"shell.my_chambers","আমার চেম্বার","My chambers","shell"
"shell.my_profile","আমার প্রোফাইল","My profile","shell"
"shell.my_queue","আমার সিরিয়াল","My queue","shell"
"network.my_rules","নিয়ম","My rules","network"
"shell.my_shift","আমার শিফট","My shift","shell"
"nursing.my_ward","আমার ওয়ার্ড","My ward","nursing"
"shell.n_sultana","ন. সুলতানা","N. Sultana","shell"
"common.name","নাম","Name","frontDesk,billing,ipd,admin,print"
"frontDesk.name_in_bangla","নাম (বাংলা)","Name in Bangla","frontDesk,ds"
"frontDesk.name_in_english","নাম (ইংরেজি)","Name in English","frontDesk,ds"
"ds.name_or_bill_no","নাম বা বিল নং","Name or bill no.","ds"
"ds.name_mobile_or_id","নাম, মোবাইল বা রোগী নং","Name, mobile or ID","ds"
"sample.nasrin_sultana","নাসরিন সুলতানা","Nasrin Sultana","shell,frontDesk,billing,ipd,ds"
"nursing.nausea_vomiting","বমিভাব","Nausea/vomiting","nursing"
"sample.nazma_akter","নাজমা আক্তার","Nazma Akter","erOt"
"pharmacy.near_expiry","মেয়াদ কাছে","Near expiry","pharmacy"
"owner.near_expiry_value","মেয়াদ কাছে","Near-expiry value","owner"
"shell.needed","প্রয়োজন","Needed","shell,pharmacy"
"erOt.needles","সুই","Needles","erOt"
"frontDesk.needs_11_digits_starting_01","০১ দিয়ে শুরু ১১ সংখ্যা লাগবে","Needs 11 digits starting 01","frontDesk"
"admin.needs_attention","সমস্যা","Needs attention","admin,ds"
"consult.needs_connection","স্বাক্ষরে সংযোগ লাগবে","Needs connection","consult"
"ds.needs_patient_consent","রোগীর সম্মতি প্রয়োজন","Needs patient consent","ds"
"billing.needs_reference","রেফ. বাকি","Needs reference","billing"
"shell.needs_your_attention","নজর দিন","Needs your attention","shell"
"nursing.negative_balance_urine","নেতিবাচক","Negative balance — urine","nursing"
"journeys.net_variance","মোট গরমিল","Net variance","journeys"
"common.network","নেটওয়ার্ক","Network","shell,consult,lab"
"network.network_agreements","নেটওয়ার্ক চুক্তি","Network agreements","network"
"network.network_order_from","নেটওয়ার্ক অর্ডার","Network order from","network"
"lab.network_referral","নেটওয়ার্ক","Network referral","lab"
"frontDesk.new","নতুন","New","frontDesk,pharmacy"
"shell.new_bill","নতুন বিল","New bill","shell,ds"
"lab.new_booking","নতুন বুকিং","New booking","lab"
"frontDesk.new_entry","নতুন এন্ট্রি","New entry","frontDesk"
"frontDesk.new_family_member_on_this_number","এই নম্বরে নতুন সদস্য","New family member on this number","frontDesk"
"ipd.new_note","নতুন নোট","New note","ipd"
"frontDesk.new_number","নতুন নম্বর","New number","frontDesk"
"nursing.new_orders","নতুন অর্ডার","New orders","nursing"
"common.new_patient","নতুন রোগী","new patient","shell,frontDesk,ds"
"ds.new_patient_in_queue","নতুন রোগী সারিতে","New patient in queue","ds"
"shell.new_referral","নতুন রেফারেল","New referral","shell"
"shell.new_registration","নতুন নিবন্ধন","New registration","shell"
"frontDesk.new_time","নতুন সময়","New time","frontDesk"
"frontDesk.new_token","নতুন টোকেন","New token","frontDesk"
"ds.new_total","নতুন মোট","New total","ds"
"frontDesk.next","পরবর্তী","Next","frontDesk,journeys"
"shell.next_2_hours","পরের ২ ঘণ্টা","Next 2 hours","shell"
"journeys.next_step","পরের ধাপ","Next step","journeys"
"journeys.next_duplicate_review","পরে: ডুপ্লিকেট যাচাই","Next: duplicate review","journeys"
"journeys.next_orders_and_disposition","এরপর: অর্ডার ও সিদ্ধান্ত","Next: orders & disposition","journeys"
"journeys.next_result_entry","এরপর: ফলাফল লেখা","Next: result entry","journeys"
"frontDesk.nid","জাতীয় পরিচয়পত্র","NID","frontDesk,ds"
"ds.nid_must_be_10_13_or","১০, ১৩ বা ১৭ সংখ্যার হয়","NID must be 10, 13 or 17 digits","ds"
"erOt.nid_or_fingerprint","আঙুলের ছাপ","NID or fingerprint","erOt"
"ds.nid_verified","যাচাইকৃত","NID verified","ds"
"ds.night","রাত","Night","ds"
"nursing.nil_by_mouth","অপারেশনের আগে","Nil by mouth","nursing"
"billing.nkda","কোনো জানা অ্যালার্জি নেই","NKDA","billing,ipd"
"billing.no_service_given","না","No — service given","billing"
"network.no_access_to_external_records","অন্য প্রতিষ্ঠানের রেকর্ড দেখার অনুমতি নেই","No access to external records","network"
"frontDesk.no_appointments_on_this_day","এই দিনে কোনো অ্যাপয়েন্টমেন্ট নেই","No appointments on this day","frontDesk"
"ipd.no_bed_free_in_this_class","এই শ্রেণিতে শয্যা খালি নেই","No bed free in this class","ipd"
"ipd.no_beds_match_these_filters","এই ফিল্টারে কোনো শয্যা নেই","No beds match these filters","ipd"
"ds.no_bills_match_these_filters","এই ফিল্টারে কোনো বিল নেই","No bills match these filters","ds"
"ds.no_changes","কোনো পরিবর্তন নেই","No changes","ds"
"consult.no_drug_matches_penicillin_or_sulfa","অ্যালার্জি যাচাই সম্পন্ন","No drug matches Penicillin or Sulfa","consult"
"ds.no_dues","কোনো বকেয়া নেই","No dues.","ds"
"network.no_emergency_access_events","কোনো জরুরি প্রবেশ নেই","No emergency access events.","network"
"ds.no_existing_record_found","কোনো মিল পাওয়া যায়নি","No existing record found","ds"
"frontDesk.no_existing_record_matches","কোনো মিল পাওয়া যায়নি","No existing record matches","frontDesk"
"network.no_external_records_are_shown","অন্য প্রতিষ্ঠানের কোনো রেকর্ড দেখানো হচ্ছে না","No external records are shown.","network"
"consult.no_interactions","মিথস্ক্রিয়া নেই","No interactions","consult"
"shell.no_ipd_and_beds_shapla_is","ভর্তি ও শয্যা (IPD) থাকবে না — সেখানে ক্লিনিক প্যাকেজ","No IPD & beds — Shapla is on the Clinic plan","shell"
"ds.no_known_allergies","কোনো জানা অ্যালার্জি নেই","No known allergies","ds"
"doctorApp.no_known_allergy_patient_reported","অ্যালার্জি: জানা নেই","No known allergy (patient reported)","doctorApp"
"frontDesk.no_matches_found","কোনো মিল নেই","No matches found","frontDesk"
"ds.no_matching_command","কোনো কমান্ড মেলেনি","No matching command","ds"
"consult.no_medicines_yet_search_above_or","কোনো ওষুধ নেই","No medicines yet — search above or pick a template","consult"
"doctorApp.no_opd_queue_here","এখানে OPD সিরিয়াল নেই","No OPD queue here","doctorApp"
"ipd.no_package_itemised","প্যাকেজ নেই","No package (itemised)","ipd"
"lab.no_patient_consent","রোগীর সম্মতি নেই","No patient consent","lab"
"shell.no_patient_found","কোনো রোগী পাওয়া যায়নি","No patient found","shell,ds"
"frontDesk.no_patient_matches","দিয়ে কোনো রোগী পাওয়া যায়নি","No patient matches","frontDesk,ds"
"pharmacy.no_report","কোনো তথ্য নেই","No report","pharmacy"
"network.no_requests_right_now","কোনো অনুরোধ নেই","No requests right now","network"
"ds.no_samples_pending_today","আজ কোনো নমুনা বাকি নেই","No samples pending today","ds"
"frontDesk.no_tokens_yet_today","আজ এখনো কোনো টোকেন নেই","No tokens yet today","frontDesk"
"frontDesk.no_show","অনুপস্থিত","No-show","frontDesk,owner"
"consult.nocturia","রাতে ঘন ঘন প্রস্রাব","Nocturia","consult"
"sample.nodi_general","নদী জেনারেল হাসপাতাল","Nodi General","frontDesk,doctorApp"
"common.nodi_general_hospital","নদী জেনারেল হাসপাতাল","Nodi General Hospital","shell,billing,doctorApp"
"erOt.non_urgent","স্তর ৫","Non-urgent","erOt"
"frontDesk.none","নেই","None","frontDesk,consult"
"ds.noon","দুপুর","Noon","ds"
"frontDesk.normal","স্বাভাবিক","Normal","frontDesk,doctorApp"
"frontDesk.normal_asian_cut_off","স্বাভাবিক","Normal (Asian cut-off)","frontDesk"
"ds.not_a_valid_bd_mobile","সঠিক নম্বর নয় — ০১ দিয়ে শুরু, ১১ সংখ্যা","Not a valid BD mobile","ds"
"billing.not_allocated","বাকি","Not allocated","billing"
"shell.not_arrived","আসেননি","Not arrived","shell"
"frontDesk.not_connected","সংযোগ নেই","not connected","frontDesk"
"print.not_found","মিলছে না","Not found","print"
"admin.not_found_cannot_sign","মেলেনি","Not found — cannot sign","admin"
"ds.not_given","দেওয়া হয়নি","Not given","ds"
"nursing.not_in_stock","স্টকে নেই","Not in stock","nursing"
"frontDesk.not_linked","লিংক হয়নি","not linked","frontDesk"
"frontDesk.not_loaded","লোড হয়নি","Not loaded","frontDesk"
"ds.not_now","না","Not now","ds"
"network.not_offered","এখানে হয় না","Not offered","network"
"billing.not_performed","করা হয়নি","Not performed","billing"
"frontDesk.not_plausible","মানটি সম্ভব নয়","Not plausible","frontDesk"
"frontDesk.not_plausible_re_measure","মানটি সম্ভব নয় — আবার মাপুন","Not plausible, re-measure","frontDesk"
"frontDesk.not_possible_check_the_value","সম্ভব নয়","Not possible — check the value","frontDesk"
"frontDesk.not_responding","সাড়া নেই","not responding","frontDesk"
"frontDesk.not_saved","সংরক্ষণ হয়নি","Not saved","frontDesk"
"frontDesk.not_saved_fix_2_fields","সংরক্ষণ হয়নি — ২টি ঘর ঠিক করুন","Not saved — fix 2 fields","frontDesk"
"frontDesk.not_saved_yet","এখনো সংরক্ষণ হয়নি","Not saved yet","frontDesk"
"billing.not_sent","লিংক পাঠানো হয়নি","Not sent","billing,lab"
"consult.not_signed","স্বাক্ষর হয়নি","Not signed","consult,ipd"
"frontDesk.not_sure_reason","নিশ্চিত নন? কারণ","Not sure? Reason","frontDesk"
"ds.not_the_same_person","ভিন্ন ব্যক্তি","Not the same person","ds"
"ds.not_uploaded_yet","আপলোড বাকি","Not uploaded yet","ds"
"lab.not_validated","অনুমোদন বাকি","Not validated","lab"
"doctorApp.not_yet_synced","খসড়া — সিঙ্ক হয়নি","Not yet synced","doctorApp"
"billing.note","বিস্তারিত","Note","billing,ipd"
"billing.note_required_to_reject","নোট","Note (required to reject)","billing"
"ds.note_for_approver","বিস্তারিত","Note for approver","ds"
"network.note_returned","নোট ফেরত","Note returned","network"
"nursing.notes","নার্সিং নোট","Notes","nursing"
"billing.nothing_confirmed_yet","নিশ্চিত পেমেন্ট নেই","Nothing confirmed yet","billing"
"nursing.nothing_to_record","কোনো কাজ নেই","Nothing to record","nursing"
"network.nothing_visible_yet_a_centre_sees","এখনো কিছু দেখা যাচ্ছে না","Nothing visible yet — a centre sees an order only after the patient chooses it.","network"
"shell.notifications","বিজ্ঞপ্তি","Notifications","shell"
"shell.now","এখন","Now","shell,doctorApp"
"frontDesk.now_calling","ডাকা হচ্ছে","Now calling","frontDesk"
"frontDesk.now_serving","এখন দেখছেন","Now serving","frontDesk"
"billing.now","এখন","Now:","billing"
"frontDesk.number_optional","নম্বর (ঐচ্ছিক)","Number (optional)","frontDesk"
"shell.numerals","সংখ্যা","Numerals","shell"
"admin.nurse","নার্স","Nurse","admin,journeys"
"shell.nursing","নার্সিং","Nursing","shell,ds"
"billing.nursing_clearance","নার্সিং ছাড়পত্র","Nursing clearance","billing"
"sample.nusrat_jahan","নুসরাত জাহান","Nusrat Jahan","shell,frontDesk,ds"
"shell.o_line","অক্সিজেন লাইন","O₂ line","shell"
"ipd.o_line_repair","অক্সিজেন লাইন মেরামত","O₂ line repair","ipd"
"frontDesk.obese_asian_27_5","স্থূলতা","Obese (Asian ≥ 27.5)","frontDesk"
"ipd.obs_and_gynae","কনসালট্যান্ট","Obs & Gynae","ipd"
"erOt.obs_q15_min_1_h_then","ভাইটাল ১৫ মিনিট পরপর ১ ঘণ্টা, পরে ঘণ্টায়","Obs q15 min × 1 h then hourly","erOt"
"nursing.observation","পর্যবেক্ষণ","Observation","nursing"
"common.occupancy","শয্যা দখল","Occupancy","shell,ipd,owner"
"ipd.occupancy_and_los","রিপোর্ট","Occupancy & LOS","ipd"
"ipd.occupancy_by_ward","ওয়ার্ড অনুযায়ী","Occupancy by ward","ipd"
"common.occupied","ভর্তি","Occupied","shell,ipd,ds"
"admin.off","বন্ধ","Off","admin,ds"
"network.offer_a_slot","সময় দিন","Offer a slot","network"
"ds.offline","অফলাইন","Offline","ds"
"frontDesk.offline_comparing_with_device_records_only","বাছলে অনলাইনে ফিরে রিভিউ হবে।","Offline — comparing with device records only.","frontDesk"
"frontDesk.offline_queue_runs_on_this_device","অফলাইন — সিরিয়াল এই ডিভাইসে চলছে। TV ডিসপ্লে ও অন্য ডেস্ক আপডেট পাবে না।","Offline — queue runs on this device. The TV display and other desks will not update.","frontDesk"
"frontDesk.offline_searching_1_240_patients_saved","অফলাইন — এই ডিভাইসে রাখা ১,২৪০ জন রোগীর মধ্যে খোঁজা হচ্ছে। অন্য ডেস্কের নতুন নিবন্ধন নাও থাকতে পারে।","Offline — searching 1,240 patients saved on this device. New registrations from other desks may be missing.","frontDesk"
"consult.offline_this_note_is_a_draft","অফলাইন — নোটটি এই ডিভাইসে খসড়া হিসেবে আছে, সার্ভারে যায়নি। স্বাক্ষর, SMS ও QR প্রিন্ট বন্ধ।","Offline — this note is a draft on this device only. Signing, SMS and QR printing are paused.","consult"
"consult.offline_draft_not_sent","অফলাইন খসড়া","Offline draft — not sent","consult"
"journeys.offline_it_shows_not_yet_synced","অফলাইনে “সিঙ্ক হয়নি” দেখায়","Offline it shows “not yet synced”","journeys"
"ds.offline_signing_needs_the_server_your","অফলাইন — স্বাক্ষর করা যাবে না। খসড়া এই ডিভাইসে সংরক্ষিত।","Offline: signing needs the server. Your draft is saved on this device.","ds"
"common.ok","ঠিক আছে","OK","shell,ipd,lab,pharmacy"
"billing.old_dues","আগের বকেয়া","Old dues","billing"
"erOt.old_scar_left_forearm_blue_shirt","বাম হাতে পুরনো কাটা দাগ, নীল শার্ট","Old scar left forearm, blue shirt","erOt"
"shell.oldest_40_min","সবচেয়ে পুরনো ৪০ মিনিট","oldest 40 min","shell"
"admin.on","চালু","On","admin,ds"
"lab.on_route","রুটে","On route","lab"
"pharmacy.on_terms","সময়মতো","On terms","pharmacy"
"admin.onboarding","অনবোর্ডিং","Onboarding","admin"
"nursing.once_daily","দিনে ১ বার","Once daily","nursing"
"admin.one_bmdc_verified_doctor","অন্তত ১ জন যাচাইকৃত ডাক্তার","One BMDC-verified doctor","admin"
"admin.one_payment_method","অন্তত ১টি পেমেন্ট মাধ্যম","One payment method","admin"
"shell.online","অনলাইন / ফেসবুক","Online","shell,frontDesk"
"pharmacy.only_4_of_6_available_issue","মাত্র ৪টি আছে","Only 4 of 6 available — issue partial, balance auto-queued.","pharmacy"
"journeys.only_facility_and_month_are_shown","শুধু প্রতিষ্ঠান ও মাস দেখা যায়। “এটা আমার” → “রসিদের কোড” → 7K4Q2M লিখে যাচাই।","Only facility and month are shown. “This is mine” → “Receipt code” → type 7K4Q2M → Verify.","journeys"
"consult.only_name_age_and_allergies_are","নাম, বয়স ও অ্যালার্জি ছাড়া কিছু দেখানো হচ্ছে না","Only name, age and allergies are shown. Emergency access is logged and reviewed.","consult"
"billing.only_the_owner_and_accountant_can","রেফারেলের তথ্য শুধু মালিক ও অ্যাকাউন্ট্যান্ট দেখতে পারেন। ডাক্তাররা নিজেদের স্টেটমেন্ট অ্যাপে দেখেন।","Only the Owner and Accountant can open this. Doctors see their own statement in the doctor app.","billing"
"journeys.only_vacant_or_reserved_beds_can","শুধু খালি বা সংরক্ষিত শয্যা বাছাই যায়","Only vacant or reserved beds can be picked","journeys"
"shell.opd","বহির্বিভাগ","OPD","shell,ds"
"billing.opd_bill","ওপিডি বিল","OPD bill","billing,journeys"
"shell.open","খুলুন","Open","shell"
"shell.open_bills","খোলা বিল","Open bills","shell"
"shell.open_bills_stay_with_this_branch","খোলা বিল এই শাখাতেই থাকবে।","Open bills stay with this branch.","shell"
"network.open_for_60_min","প্রবেশ চালু করুন","Open for 60 min","network"
"journeys.open_print_preview_ctrl_p_a5","Print preview (Ctrl+P) খুলুন: A5 প্যাড, বাংলা নির্দেশনা ও QR। খসড়া হলে জলছাপসহ ছাপা হতো।","Open Print preview (Ctrl+P): A5 pad with Bangla instructions and QR. A draft would print watermarked.","journeys"
"ds.open_record","জরুরি প্রবেশ করুন","Open record","ds"
"lab.opened","খোলা হয়েছে","Opened","lab"
"ds.opened","খোলা হয়েছে","Opened:","ds"
"billing.opening_float","প্রারম্ভিক ক্যাশ","Opening float","billing"
"owner.operations","কার্যক্রম","Operations","owner"
"frontDesk.optional_helps_the_doctor_confirm_identity","ঐচ্ছিক","Optional. Helps the doctor confirm identity on return visits.","frontDesk"
"ds.or_enter_transaction_id","অথবা TrxID","Or enter transaction ID","ds"
"billing.or_trxid","অথবা TrxID","or TrxID","billing"
"nursing.oral","মুখে","Oral","nursing"
"erOt.oral_fluids_after_6_h","মুখে খাবার ৬ ঘণ্টা পর","Oral fluids after 6 h","erOt"
"nursing.oral_soup","মুখে","Oral soup","nursing"
"nursing.oral_water","মুখে","Oral water","nursing"
"pharmacy.order","অর্ডার","Order","pharmacy"
"network.order_lo_2609_0441","অর্ডার ট্র্যাকার","Order LO-2609-0441","network"
"erOt.ordered","অর্ডার","Ordered","erOt,network"
"nursing.ordered_by","অর্ডার","Ordered by","nursing,ds"
"lab.ordering_doctor","ডা. মিজানুর রহমান","ordering doctor","lab"
"ds.orders","অর্ডার","Orders","ds"
"erOt.orders_and_disposition","অর্ডার ও সিদ্ধান্ত","Orders & disposition","erOt"
"journeys.orders_flow_to_billing_and_the","অর্ডার বিলিং ও ল্যাবে যায়","Orders flow to billing and the lab","journeys"
"admin.organization","প্রতিষ্ঠান","Organization","admin"
"shell.organization_and_branch","প্রতিষ্ঠান ও শাখা","Organization & branch","shell"
"billing.original_bkash_880_1819_445210","মূল bKash নম্বরে","Original bKash +880 1819-445210","billing"
"billing.original_printed","মূল প্রিন্ট","Original printed","billing"
"shell.ot","অপারেশন থিয়েটার","OT","shell"
"erOt.ot_calendar","ওটি ক্যালেন্ডার","OT calendar","erOt"
"pharmacy.otc_sale","ওটিসি বিক্রয়","OTC sale","pharmacy"
"common.other","অন্য","Other","frontDesk,consult,ipd,ds"
"frontDesk.others_wait_about_7_min_longer","মিনিট বাড়বে","Others wait about 7 min longer.","frontDesk"
"nursing.out","বিদায়ী","Out","nursing"
"pharmacy.out_of_stock","শেষ","Out of stock","pharmacy"
"pharmacy.out_of_stock_choose_a_same","স্টকে নেই — একই জেনেরিকের বিকল্প বাছুন ও কারণ লিখুন","Out of stock: choose a same-generic substitute and note why. The doctor is notified.","pharmacy"
"nursing.outgoing","বিদায়ী","Outgoing","nursing"
"nursing.outgoing_nurse_signs_first","আগে বিদায়ী নার্স স্বাক্ষর করবেন","Outgoing nurse signs first","nursing"
"nursing.output","আউটপুট","Output","nursing"
"lab.outside_doctor","বাইরের ডাক্তার","Outside doctor","lab"
"nursing.outstanding","বাকি কাজ","Outstanding","nursing,pharmacy"
"pharmacy.over","বেশি","Over","pharmacy"
"billing.over_by","বেশি","Over by","billing"
"billing.over_allocated","অতিরিক্ত","Over-allocated","billing"
"shell.overdue_10_min","১০ মিনিট দেরি","Overdue 10 min","shell,ds"
"lab.overdue_3_days","দেরি","Overdue 3 days","lab"
"pharmacy.overdue_45_d","দেরি","Overdue 45 d","pharmacy"
"nursing.overdue_since","দেরি","Overdue since","nursing"
"ipd.overnight","রাতের ঘটনা","Overnight","ipd"
"frontDesk.overweight_asian_23_27_4","অতিরিক্ত ওজন","Overweight (Asian 23–27.4)","frontDesk"
"frontDesk.own","নিজের","Own","frontDesk"
"lab.own_doctor","আমাদের ডাক্তার","Own doctor","lab"
"lab.own_doctors","আমাদের ডাক্তার","Own doctors","lab"
"common.owner","মালিক","Owner","shell,billing,ipd,admin,journeys,ds"
"shell.owner_and_md","মালিক ও এমডি","Owner & MD","shell"
"shell.owner_or_accountant","মালিক বা অ্যাকাউন্ট্যান্ট","Owner or Accountant","shell"
"common.package","প্যাকেজ","Package","billing,ipd,erOt,ds"
"ds.package_adjustment","প্যাকেজ সমন্বয়","Package adjustment","ds"
"billing.package_price","প্যাকেজ মূল্য","Package price","billing"
"billing.packages","প্যাকেজ","Packages","billing,admin"
"shell.page_not_found","পেজটি পাওয়া যায়নি","Page not found","shell"
"common.paid","পরিশোধিত","Paid","billing,admin,ds"
"billing.paid_this_month","এ মাসে পরিশোধ","Paid this month","billing"
"frontDesk.pallabi","পল্লবী","Pallabi","frontDesk,lab"
"frontDesk.panchlaish","পাঁচলাইশ","Panchlaish","frontDesk"
"shell.partial","আংশিক","Partial","shell,ds"
"pharmacy.partial_balance_owed","আংশিক","Partial — balance owed","pharmacy"
"lab.partially_collected","আংশিক","Partially collected","lab"
"ds.partially_complete","আংশিক","Partially complete","ds"
"pharmacy.partially_dispensed","আংশিক দেওয়া","Partially dispensed","pharmacy"
"pharmacy.partially_issued","আংশিক","Partially issued","pharmacy"
"billing.partially_paid","আংশিক","Partially paid","billing"
"lab.passed","পাস","Passed","lab"
"ipd.passes","সহায়ক পাস","Passes","ipd"
"frontDesk.passport","পাসপোর্ট","Passport","frontDesk"
"consult.past_diagnoses","পূর্বের রোগ নির্ণয়","Past diagnoses","consult"
"journeys.pathologist","প্যাথলজিস্ট","Pathologist","journeys"
"lab.pathologist_interprets_and_signs","প্যাথলজিস্টের ব্যাখ্যা ও স্বাক্ষর","Pathologist interprets and signs","lab"
"common.patient","রোগী বলেছেন","Patient","shell,frontDesk,billing,ipd,lab,erOt,owner,network,journeys,ds"
"lab.patient_no_doctor_reachable","রোগী নিজে","Patient (no doctor reachable)","lab"
"consult.patient_agreed_to_recording","রোগী রেকর্ডিংয়ে সম্মতি দিয়েছেন","Patient agreed to recording","consult"
"frontDesk.patient_asked","রোগীর অনুরোধ","Patient asked","frontDesk"
"journeys.patient_books_and_pays_the_centre","রোগী বুক ও পেমেন্ট করেন, সেন্টার নমুনা নেয় ও প্রকাশ করে, ডাক্তার “দেখেছি” দেন।","Patient books and pays, the centre collects and releases, the doctor acknowledges.","journeys"
"network.patient_checked_in","রোগী এসেছেন","Patient checked in","network"
"network.patient_consented_recorded_in_visit","রোগী সম্মতি দিয়েছেন","Patient consented (recorded in visit)","network"
"nursing.patient_declined","রোগী চাননি","Patient declined","nursing"
"admin.patient_id_or_user","রোগী নং বা ব্যবহারকারী","Patient ID or user","admin"
"frontDesk.patient_late","রোগী দেরিতে","Patient late","frontDesk"
"billing.patient_lost_it","রোগী হারিয়েছেন","Patient lost it","billing"
"ds.patient_name","রোগীর নাম","Patient name","ds"
"common.patient_no","রোগী নং","Patient no.","frontDesk,ds,print"
"nursing.patient_off_ward_usg","রোগী ওয়ার্ডে ছিলেন না","Patient off ward (USG)","nursing"
"ipd.patient_request_upgrade","রোগীর অনুরোধ","Patient request (upgrade)","ipd"
"pharmacy.patient_says","রোগী বলছেন খাচ্ছেন","Patient says","pharmacy"
"pharmacy.patient_says_taking","রোগী বলছেন খাচ্ছেন","Patient says taking","pharmacy"
"billing.patient_share","রোগীর অংশ","Patient share","billing"
"ds.patient_unconscious_no_guardian","রোগী অচেতন","Patient unconscious, no guardian","ds"
"erOt.patient_site_procedure_confirmed","রোগী, স্থান, প্রক্রিয়া আবার নিশ্চিত","Patient, site, procedure confirmed","erOt"
"shell.patients","রোগী","Patients","shell"
"frontDesk.patiya","পটিয়া","Patiya","frontDesk"
"shell.pause_queue","বিরতি","Pause queue","shell"
"lab.pay_at_home","বাকি","Pay at home","lab"
"billing.pay_refund","ফেরত দিন","Pay refund","billing"
"billing.payable","প্রদেয়","Payable","billing"
"doctorApp.payable_to_you","প্রদেয়","Payable to you","doctorApp"
"common.payer","পেয়ার","Payer","frontDesk,consult,billing,ipd,ds"
"ds.payer_and_package","পেয়ার ও প্যাকেজ","Payer & package","ds"
"billing.payer_split","পেয়ার ভাগ","Payer split","billing"
"ds.payer_type","পেয়ার","Payer type","ds"
"billing.payment","পরিশোধ","Payment","billing,lab"
"ipd.payment_and_clearance","পরিশোধ ও ছাড়পত্র","Payment & clearance","ipd"
"lab.payment_before_collection","সংগ্রহের আগে পেমেন্ট","Payment before collection","lab"
"ds.payment_confirmed","পেমেন্ট নিশ্চিত","Payment confirmed","ds"
"billing.payment_failed_resend_the_link_or","পেমেন্ট হয়নি — লিংকের মেয়াদ শেষ বা অপর্যাপ্ত ব্যালেন্স। আবার পাঠান বা অন্য মাধ্যম বেছে নিন।","Payment failed — resend the link or choose another method.","billing"
"ds.payment_link","পেমেন্ট লিংক","payment link","ds"
"admin.payment_methods","পেমেন্ট মাধ্যম","Payment methods","admin"
"ds.payment_received","পেমেন্ট গৃহীত","Payment received","ds"
"common.pending","অপেক্ষমাণ","Pending","shell,billing,lab,erOt,admin,ds"
"billing.pending","অপেক্ষমাণ","Pending (","billing"
"ds.pending_12","অপেক্ষমাণ","Pending (12)","ds"
"lab.pending_by_stage","ধাপ অনুযায়ী বাকি","Pending by stage","lab"
"shell.pending_payments","বকেয়া পেমেন্ট","Pending payments","shell"
"consult.penicillin","অ্যালার্জি","Penicillin","consult,erOt"
"ipd.per_day","দৈনিক","Per day","ipd"
"billing.per_extra_day","দৈনিক","Per extra day","billing"
"billing.percent","শতাংশ","Percent","billing"
"billing.performed","সম্পন্ন","Performed","billing"
"network.period","সময়","Period","network"
"admin.permission_matrix","অনুমতি","Permission matrix —","admin"
"shell.pharm","ফার্মেসি","Pharm","shell"
"shell.pharmacy","ফার্মেসি","Pharmacy","shell,ds"
"shell.pharmacy_and_store","ফার্মেসি ও স্টোর","Pharmacy & Store","shell"
"ipd.pharmacy_return","ফার্মেসি ফেরত","Pharmacy return","ipd"
"billing.pharmacy_returns_pending_2_items","ফার্মেসি ফেরত বাকি","Pharmacy returns pending (2 items)","billing"
"frontDesk.phone","ফোন","Phone","frontDesk,lab"
"frontDesk.phone_is_fastest_names_work_in","ফোন নম্বর সবচেয়ে দ্রুত। নাম বাংলা বা ইংরেজি যেকোনোটিতে লিখুন। QR কার্ড থাকলে F4 চাপুন।","Phone is fastest. Names work in Bangla or English. Press F4 to scan a QR card.","frontDesk"
"ds.phone_needs_11_digits","মোবাইল নম্বরে ১১টি সংখ্যা লাগবে","Phone needs 11 digits","ds"
"frontDesk.phone_owner","নম্বরের মালিক","Phone owner","frontDesk"
"frontDesk.phone_name_patient_no_or_qr","ফোন, নাম (বাংলা/English), রোগী নং বা QR","Phone, name, patient no. or QR","frontDesk"
"common.photo","ছবি","Photo","frontDesk,lab,pharmacy"
"erOt.photo_match_family_call","ছবি মিলেছে","Photo match + family call","erOt"
"ipd.pick_a_bed","শয্যা বাছুন","Pick a bed","ipd"
"ipd.pick_a_destination","শয্যা বাছুন","Pick a destination","ipd"
"frontDesk.pick_another_day","অন্য দিন","Pick another day","frontDesk"
"journeys.place_one_tap_stat_orders_then","এক ট্যাপে STAT অর্ডার দিন, তারপর “Admit” বাছুন।","Place one-tap STAT orders, then choose Admit.","journeys"
"lab.plain_clot_red_top","লাল","Plain / clot (red top)","lab"
"journeys.plain_language_explanation_a_range_bar","প্রতিটি ফলাফলের সহজ ব্যাখ্যা, সীমা-বার ও HbA1c ট্রেন্ড। মূল PDF আলাদা ট্যাবে।","Plain-language explanation, a range bar and the HbA1c trend. The original PDF is in its own tab.","journeys"
"admin.plan","সাবস্ক্রিপশন","Plan","admin"
"pharmacy.po","ক্রয় আদেশ","PO","pharmacy"
"ds.poor_fund","দরিদ্র তহবিল","Poor fund","ds"
"common.poor_patient_fund","দরিদ্র রোগী তহবিল","Poor patient fund","billing,ds,print"
"network.portable_lab_order","১. পোর্টেবল ল্যাব অর্ডার","Portable lab order","network"
"nursing.positive","ভারসাম্য ঠিক","Positive","nursing"
"common.possible_duplicate","সম্ভাব্য ডুপ্লিকেট","Possible duplicate","shell,frontDesk,ds"
"ds.possible_duplicate","সম্ভাব্য ডুপ্লিকেট রেকর্ড","Possible duplicate.","ds"
"pharmacy.post_grn_to_stock","স্টকে পোস্ট","Post GRN to stock","pharmacy"
"erOt.post_op_orders","পোস্ট-অপ অর্ডার","Post-op orders","erOt"
"pharmacy.posted","পোস্ট হয়েছে","Posted","pharmacy"
"billing.posted_by","পোস্ট","Posted by","billing"
"pharmacy.posted_to_stock","পোস্ট হয়েছে","Posted to stock","pharmacy"
"erOt.pre_op_and_who","চেকলিস্ট","Pre-op & WHO","erOt"
"erOt.pre_op_checklist","প্রি-অপ","Pre-op checklist","erOt"
"consult.pre_visit","ভিজিটের আগে","Pre-visit","consult"
"consult.pre_visit_summary","ভিজিটের আগে সারাংশ","Pre-visit summary","consult"
"ds.pregnancy","গর্ভাবস্থা","Pregnancy","ds"
"lab.prepaid_online","অগ্রিম","Prepaid online","lab"
"pharmacy.prescribed","ব্যবস্থাপত্র","Prescribed","pharmacy"
"admin.prescription","প্রেসক্রিপশন","PRESCRIPTION","admin"
"journeys.prescription_printed","প্রেসক্রিপশন প্রিন্ট","Prescription printed","journeys"
"ds.prescriptions","ব্যবস্থাপত্র","Prescriptions","ds"
"lab.prev","আগের","Prev","lab"
"billing.price","দাম","Price","billing,lab"
"ipd.price_change_preview","দামের প্রভাব","Price change preview","ipd"
"billing.price_impact_preview","দামের প্রভাব","Price impact preview","billing"
"admin.price_list","মূল্যতালিকা","Price list","admin"
"admin.price_list_published","মূল্যতালিকা","Price list published","admin"
"common.print","প্রিন্ট","Print","consult,lab,admin,ds"
"billing.print_a_duplicate","অনুলিপি প্রিন্ট","Print a duplicate","billing"
"billing.print_audit","প্রিন্ট অডিট","Print audit","billing"
"ds.print_failed","প্রিন্ট হয়নি","Print failed","ds"
"lab.print_labels","লেবেল","Print labels (","lab"
"consult.print_preview","প্রিভিউ","Print preview","consult"
"ds.print_receipt","রসিদ প্রিন্ট","Print receipt","ds"
"admin.print_templates","প্রিন্ট টেমপ্লেট","Print templates","admin"
"billing.printer_jam","প্রিন্টার আটকে গেছে","Printer jam","billing"
"billing.prints_duplicate_and_is_logged","ছাপা হবে এবং অডিটে থাকবে","Prints “DUPLICATE” and is logged.","billing"
"shell.priority","অগ্রাধিকার","Priority","shell"
"billing.private_cabin","কেবিন (AC)","Private cabin","billing"
"erOt.procedure","প্রক্রিয়া","Procedure","erOt"
"erOt.procedure_name_recorded","প্রক্রিয়ার নাম রেকর্ড","Procedure name recorded","erOt"
"lab.processing","প্রক্রিয়াধীন","Processing","lab"
"ipd.progress_note","অগ্রগতি নোট","Progress note","ipd"
"patientApp.provider_verified","ডাক্তার/ল্যাব যাচাইকৃত","Provider verified","patientApp"
"consult.provisional","অস্থায়ী","PROVISIONAL","consult"
"consult.provisional_diagnoses_print_as_provisional","অস্থায়ী রোগ নির্ণয় প্রেসক্রিপশনে “Provisional” লেখা থাকবে","Provisional diagnoses print as “Provisional”","consult"
"ipd.provisional_diagnosis","রোগ নির্ণয়","Provisional diagnosis","ipd"
"billing.publish_needs_owner","প্রকাশ","Publish (needs owner)","billing"
"billing.published","প্রকাশিত","Published","billing"
"frontDesk.pulse","নাড়ি","Pulse","frontDesk,nursing"
"nursing.pulse_bpm","নাড়ি","Pulse bpm","nursing"
"erOt.pulse_oximeter_on_and_working","পালস অক্সিমিটার চালু","Pulse oximeter on and working","erOt"
"pharmacy.purchase","ক্রয়","Purchase","pharmacy"
"pharmacy.push_fefo_return_to_supplier","আগে বিক্রি","Push FEFO / return to supplier","pharmacy"
"lab.qc_passed_sample_ok_values_plausible","যন্ত্র QC পাস, নমুনা ঠিক, মান যুক্তিসঙ্গত","QC passed, sample OK, values plausible","lab"
"admin.qr_placement","অবস্থান","QR placement","admin"
"network.question_or_complaint","প্রশ্ন বা অভিযোগ","Question or complaint","network"
"common.queue","সিরিয়াল","Queue","shell,frontDesk,doctorApp,ds"
"shell.queue_now","এখনকার সিরিয়াল","Queue now","shell"
"nursing.quick_entry","দ্রুত এন্ট্রি","Quick entry","nursing"
"erOt.quick_orders","দ্রুত অর্ডার","Quick orders","erOt"
"erOt.quick_registration_30_s","দ্রুত নিবন্ধন","Quick registration (≤ 30 s)","erOt"
"shell.r_chowdhury","র. চৌধুরী","R. Chowdhury","shell"
"shell.r_khatun","র. খাতুন","R. Khatun","shell"
"sample.rabiul_islam","রবিউল ইসলাম","Rabiul Islam","lab"
"shell.radiol","রেডিও","Radiol.","shell"
"shell.radiology","রেডিওলজি","Radiology","shell"
"shell.rafiq","রফিক","Rafiq","shell"
"sample.rafiq_mia","রফিক মিয়া","Rafiq Mia","shell"
"sample.rahima_begum","রহিমা বেগম","Rahima Begum","shell"
"sample.rahima_khatun","রহিমা খাতুন","Rahima Khatun","shell,frontDesk,consult,billing,lab,patientApp,network,ds,print"
"sample.rashed_chowdhury","রাশেদ চৌধুরী","Rashed Chowdhury","shell,frontDesk,billing,nursing,ds"
"ipd.rate","দাম","Rate","ipd"
"frontDesk.rbs","রক্তে শর্করা","RBS","frontDesk"
"nursing.rbs_not_checked","মাপা হয়নি","RBS not checked","nursing"
"network.re_order_usg_elsewhere","অন্য কেন্দ্রে পাঠান","Re-order USG elsewhere","network"
"erOt.re_triage","ট্রায়াজ স্তর","Re-triage","erOt"
"lab.read_back_confirmed","রিড-ব্যাক নিশ্চিত","Read-back confirmed","lab"
"billing.read_only_your_role_can_view","শুধু দেখার জন্য","Read-only — your role can view totals but cannot record payouts or edit rules. This view is logged.","billing"
"ipd.ready","প্রস্তুত","Ready","ipd,admin"
"erOt.ready_for_ot_required_items_complete","প্রস্তুত","Ready for OT — required items complete.","erOt"
"ipd.ready_to_admit","প্রস্তুতি","Ready to admit","ipd"
"consult.ready_to_print","স্বাক্ষরিত — প্রিন্টের জন্য প্রস্তুত","Ready to print","consult"
"common.reason","কারণ","Reason","frontDesk,consult,billing,ipd,nursing,lab,erOt,network,ds"
"lab.reason_sent_back_to_nodi_general","কারণ","Reason (sent back to Nodi General)","lab"
"network.reason_shown_to_patient","কারণ (রোগী দেখবেন)","Reason (shown to patient)","network"
"pharmacy.reason_and_note","কারণ ও ফার্মাসিস্ট নোট","Reason & note","pharmacy"
"network.reason_category","কারণ","Reason category","network"
"network.reason_for_declined_items_sent_to","ফেরতের কারণ","Reason for declined items (sent to doctor & patient)","network"
"journeys.reason_for_rejecting","কারণ লিখুন","Reason for rejecting","journeys"
"consult.reason","মেয়াদ ৫ → ৭ দিন","Reason:","consult"
"shell.reasons_given","৳ 3,400","reasons given","shell"
"shell.rebook","পুনঃনির্ধারণ","Rebook","shell"
"billing.receipt","রসিদ","Receipt","billing"
"admin.receipt_and_rx_templates","রসিদ ও প্রেসক্রিপশন টেমপ্লেট","Receipt & Rx templates","admin"
"journeys.receipt_in_bangla_english","রসিদ বাংলা + ইংরেজি","Receipt in Bangla + English","journeys"
"journeys.receipt_80_mm_thermal_or_a5","রসিদ: ৮০ মিমি থার্মাল বা A5, QR সহ","Receipt: 80 mm thermal or A5, with QR","journeys"
"shell.receivables","বকেয়া","Receivables","shell"
"lab.receive","গ্রহণ","Receive","lab"
"pharmacy.receive_return","ফেরত গ্রহণ","Receive return","pharmacy"
"common.received","গৃহীত","Received","shell,billing,lab,pharmacy,network,ds"
"billing.reception","রিসেপশন","Reception","billing,admin"
"journeys.receptionist","রিসেপশন","Receptionist","journeys"
"network.recipient","কাকে","Recipient","network"
"nursing.recommendation","সুপারিশ","Recommendation","nursing"
"erOt.reconcile_counts","গণনা মেলান","Reconcile counts","erOt"
"frontDesk.reconnect","আবার সংযোগ","Reconnect","frontDesk"
"ds.reconnecting_last_try_10_43","আবার সংযোগের চেষ্টা…","Reconnecting… last try 10:43","ds"
"ds.record_and_print","রসিদ তৈরি","Record & print","ds"
"nursing.record_as","রেকর্ড","Record as","nursing"
"nursing.record_as_given","দেওয়া হয়েছে রেকর্ড","Record as given","nursing"
"billing.record_as_partial","আংশিক রেকর্ড","Record as partial","billing"
"billing.record_payout","পরিশোধ","Record payout","billing"
"shell.record_vitals","ভাইটাল লিখুন","Record vitals","shell"
"erOt.recorded","সম্পন্ন","Recorded","erOt"
"nursing.recorded_13_55_by_shirin_akter","রেকর্ড হয়েছে","Recorded 13:55 by Shirin Akter — scanned band and medicine. Next dose 22:00.","nursing"
"nursing.recorded_with_reason_dr_tanvir_ahmed","রেকর্ড হয়েছে","Recorded with reason. Dr. Tanvir Ahmed notified in the round list.","nursing"
"erOt.records_officer_sadia_rahman","নার্স/রেকর্ডস","Records officer Sadia Rahman","erOt"
"journeys.recount","আবার গুনুন","Recount","journeys"
"erOt.refer","রেফার","Refer","erOt"
"erOt.refer_to","কোথায়","Refer to","erOt"
"consult.referral","রেফারেল","Referral","consult,network"
"network.referral_rf_2609_0112","রেফারেল ট্র্যাকার","Referral RF-2609-0112","network"
"shell.referrals","রেফারেল","Referrals","shell"
"frontDesk.referred_by","রেফারেল","Referred by","frontDesk"
"ds.referred_from","রেফার","Referred from","ds"
"billing.refund","ফেরত","Refund","billing,ds"
"billing.refund_items","আংশিক রিফান্ড","Refund items","billing"
"billing.refund_paid","ফেরত দেওয়া হয়েছে","Refund paid","billing"
"ds.refund_pending","রিফান্ড অপেক্ষমাণ","Refund pending","ds"
"billing.refund_to","ফেরত মাধ্যম","Refund to","billing"
"billing.refundable","ফেরতযোগ্য?","Refundable","billing"
"billing.refunded","ফেরত","Refunded","billing"
"common.refunds","রিফান্ড","Refunds","billing,owner,admin"
"nursing.refused","অস্বীকার","Refused","nursing"
"pharmacy.reg_b_4471","ফার্মাসিস্ট","Reg. B-4471","pharmacy"
"admin.reg_no","নিবন্ধন","Reg. no.","admin"
"shell.register","নিবন্ধন","Register","shell,frontDesk"
"shell.register_new_patient","নতুন রোগী নিবন্ধন","Register new patient","shell,ds"
"journeys.register_the_patient","নতুন নিবন্ধন","Register the patient","journeys"
"common.registration","রোগী নিবন্ধন","Registration","shell,admin,ds"
"shell.registration_billing_and_vitals_keep_working","অফলাইন মোডে নিবন্ধন, বিলিং ও ভাইটাল লেখা চলবে","Registration, billing and vitals keep working in offline mode","shell"
"billing.reject","প্রত্যাখ্যান","Reject","billing"
"lab.reject_reason","বাতিলের কারণ","Reject reason","lab"
"lab.reject_run","প্রত্যাখ্যান","Reject run","lab"
"lab.reject_sample","নমুনা বাতিল","Reject sample","lab"
"billing.rejected","প্রত্যাখ্যাত","Rejected","billing,lab"
"billing.rejected_2","প্রত্যাখ্যাত","Rejected —","billing"
"lab.rejected_haemolysed","বাতিল","Rejected — haemolysed","lab"
"lab.rejection_notifies_collection_and_the_patient","বাতিল হলে সংগ্রহকেন্দ্র ও রোগীকে নতুন নমুনার জন্য SMS যাবে","Rejection notifies collection and the patient for recollection.","lab"
"lab.rejections","বাতিলের কারণ","Rejections","lab"
"ipd.relation","সম্পর্ক","Relation","ipd"
"frontDesk.relationship","সম্পর্ক","Relationship","frontDesk"
"lab.release_report","প্রকাশ","Release report","lab"
"journeys.release_sends_a_bangla_sms_the","প্রকাশ করলে বাংলা SMS, রোগীর অ্যাপ ও ডাক্তারের ইনবক্সে যায় — প্রতিটির আলাদা অবস্থা।","Release sends a Bangla SMS, the patient app copy and the doctor's inbox item, each with its own status.","journeys"
"lab.released","প্রকাশিত","Released","lab,network"
"shell.released_09_10","প্রকাশিত ০৯:১০","Released 09:10","shell"
"lab.released_10_12","প্রকাশিত","Released 10:12","lab"
"shell.released_today","আজ প্রকাশিত","Released today","shell"
"billing.remaining","বাকি","Remaining","billing"
"consult.remove","সরিয়ে দিন","Remove","consult"
"ds.renal","কিডনি","Renal","ds"
"consult.renal_dosing_ok_creat_0_9","কিডনি ডোজ ঠিক","Renal dosing OK (Creat 0.9)","consult"
"frontDesk.reorder_log_audited","ক্রম পরিবর্তনের লগ","Reorder log (audited)","frontDesk"
"consult.repeat_12_08","আগেরটা আবার","Repeat 12/08","consult"
"common.report","রিপোর্ট দেখানো","Report","frontDesk,lab,journeys"
"ds.report_by_sms","রিপোর্ট SMS","Report by SMS","ds"
"journeys.report_delivery","রিপোর্ট পাঠানো","Report delivery","journeys"
"ds.report_due_this_afternoon","রিপোর্ট আজ বিকেলে","Report due this afternoon","ds"
"frontDesk.report_only_2_min","শুধু রিপোর্ট দেখানো","Report only (2 min)","frontDesk"
"ds.report_partly_ready","রিপোর্ট আংশিক প্রস্তুত","Report partly ready","ds"
"ds.report_sent","রিপোর্ট পাঠানো হয়েছে","Report sent","ds"
"shell.reports","রিপোর্ট","Reports","shell,admin"
"nursing.reposition_patient","পাশ ফেরানো","Reposition patient","nursing"
"billing.reprint","আবার প্রিন্ট","Reprint","billing"
"owner.reprinted_receipts","রসিদ পুনঃপ্রিন্ট","Reprinted receipts","owner"
"common.request_access","অনুমতি চান","Request access","shell,billing,network,ds"
"billing.request_approval","অনুমোদন চান","Request approval","billing,ds"
"erOt.request_booking","বুকিং অনুরোধ","Request booking","erOt"
"billing.request_created","অনুরোধ তৈরি","Request created","billing"
"network.request_emergency_access","জরুরি প্রবেশ চাই","Request emergency access","network"
"erOt.requested","অনুরোধ","Requested","erOt"
"billing.requested_by","অনুরোধকারী","Requested by","billing"
"frontDesk.requeue","সারিতে ফেরান","Requeue","frontDesk,ds"
"ipd.required","আবশ্যক","Required","ipd,erOt"
"frontDesk.required_under_18_linking_the_guardian","১৮ বছরের কম হলে অভিভাবক আবশ্যক","Required under 18. Linking the guardian lets both share one phone without being mixed up.","frontDesk"
"frontDesk.reschedule","সময় বদল","Reschedule","frontDesk"
"shell.resend","আবার","Resend","shell"
"billing.resend_link","আবার লিংক পাঠান","Resend link","billing"
"frontDesk.resend_sms","আবার পাঠান","Resend SMS","frontDesk"
"common.reserved","সংরক্ষিত","Reserved","shell,ipd,ds"
"consult.resolve","টি সতর্কতা ঠিক করুন","Resolve","consult,ds"
"pharmacy.resolve_substitution","বিকল্প বাছুন","Resolve substitution","pharmacy"
"nursing.resp_rate","শ্বাস","Resp. rate","nursing"
"nursing.responds_to_pain","ব্যথায় সাড়া","Responds to pain","nursing"
"nursing.responds_to_voice","ডাকে সাড়া","Responds to voice","nursing"
"nursing.response_clock_started_13_52","প্রতিক্রিয়ার সময় শুরু","Response clock started 13:52","nursing"
"consult.rest","বিশ্রাম","Rest","consult"
"ds.restricted_record","সীমিত রেকর্ড","Restricted record","ds"
"lab.result","ফলাফল","Result","lab"
"common.result_entry","ফলাফল এন্ট্রি","Result entry","shell,lab,journeys,ds"
"doctorApp.results","ফলাফল","Results","doctorApp,ds"
"journeys.results_inbox_on_the_phone_critical","ফোনে রিপোর্ট ইনবক্স — জরুরি আগে। “দেখেছি” চাপুন, রোগীকে জানান।","Results inbox on the phone, critical first. Acknowledge and notify the patient.","journeys"
"journeys.results_return","ফলাফল ফেরত","Results return","journeys"
"shell.results_to_review","দেখার বাকি রিপোর্ট","Results to review","shell"
"erOt.resuscitation","স্তর ১","Resuscitation","erOt"
"common.retry","আবার চেষ্টা","Retry","frontDesk,lab,ds"
"ds.return","ফেরত","Return","ds"
"pharmacy.return_received","ফেরত গৃহীত","Return received","pharmacy"
"erOt.returned","তে ফেরত","Returned","erOt"
"pharmacy.returns","ফেরত","Returns","pharmacy"
"lab.revenue","আয়","Revenue","lab,owner"
"owner.revenue_bills","আয়","Revenue — bills","owner"
"owner.revenue_solid","আয়","Revenue (solid)","owner"
"lab.revenue_by_test","আয়","Revenue by test","lab"
"shell.revenue_today","আজকের আয়","Revenue today","shell"
"owner.revenue_vs_collected","আয় ও সংগ্রহ","Revenue vs collected","owner"
"billing.reversed","বাতিল (বিল বাতিল)","Reversed","billing"
"common.review","দেখুন","Review","shell,frontDesk,owner,ds"
"ds.review_and_sign","পর্যালোচনা ও স্বাক্ষর","Review & sign","ds"
"nursing.review_all_patients_first","আগে সব রোগী দেখুন","Review all patients first (","nursing"
"doctorApp.review_before_inserting","খসড়া — যাচাই প্রয়োজন","review before inserting","doctorApp"
"consult.review_each_draft_below_and_insert","নিচের খসড়া দেখে প্রয়োজনমতো যোগ করুন","Review each draft below and insert what is correct.","consult"
"journeys.review_the_possible_duplicate","সম্ভাব্য ডুপ্লিকেট যাচাই","Review the possible duplicate","journeys"
"nursing.reviewed_by_incoming_nurse","দেখা হয়েছে","Reviewed by incoming nurse","nursing"
"network.revoke","এখনই বন্ধ করুন","Revoke","network,journeys"
"nursing.right_dose_500_mg","সঠিক ডোজ","Right dose 500 mg","nursing"
"nursing.right_drug","সঠিক ওষুধ","Right drug","nursing"
"nursing.right_patient","সঠিক রোগী","Right patient","nursing"
"nursing.right_route_iv","সঠিক পথ","Right route IV","nursing"
"nursing.right_time","সঠিক সময়","Right time","nursing"
"sample.roksana_begum","রোকসানা বেগম","Roksana Begum","erOt"
"admin.role","ভূমিকা","Role","admin"
"frontDesk.room","রুম","Room","frontDesk"
"doctorApp.round","রাউন্ড","Round","doctorApp"
"doctorApp.round_note","রাউন্ড নোট","Round note","doctorApp"
"erOt.route","পথ","Route","erOt"
"common.routine","নিয়মিত","Routine","shell,nursing,network"
"nursing.rr_min","শ্বাস","RR /min","nursing"
"sample.rubina_yasmin","রুবিনা ইয়াসমিন","Rubina Yasmin","frontDesk"
"billing.rule","নিয়ম","Rule:","billing"
"lab.run_rejected_patient_results_on","রান প্রত্যাখ্যাত","Run rejected. Patient results on","lab"
"shell.running","চলছে","Running","shell"
"billing.running_total","চলমান মোট","Running total","billing"
"doctorApp.rx","প্রেসক্রিপশন","Rx","doctorApp,ds"
"pharmacy.rx_needed","লাগবে","Rx needed","pharmacy"
"patientApp.s_creatinine","ক্রিয়েটিনিন","S. Creatinine","patientApp"
"shell.s_islam","শ. ইসলাম","S. Islam","shell"
"shell.s_potassium","রহিমা খাতুন","S. Potassium","shell,patientApp"
"shell.s_rahman","সু. রহমান","S. Rahman","shell"
"frontDesk.sadar","গাজীপুর সদর","Sadar","frontDesk"
"shell.sadia","সাদিয়া","Sadia","shell"
"sample.sadia_rahman","সাদিয়া রহমান","Sadia Rahman","shell"
"ds.sale_price","বিক্রয় মূল্য","Sale price","ds"
"frontDesk.same","মিলেছে","Same","frontDesk"
"frontDesk.same_person_link","একই ব্যক্তি — লিংক করুন","Same person — link","frontDesk"
"common.sample","নমুনা","Sample","shell,lab,ds"
"journeys.sample_collection","নমুনা সংগ্রহ","Sample collection","journeys"
"lab.samples","নমুনা","Samples","lab"
"frontDesk.sat_03_10_10_00","শনি ০৩/১০ ১০:০০","Sat 03/10 10:00","frontDesk"
"frontDesk.savar","সাভার","Savar","frontDesk"
"ds.save","সংরক্ষণ","Save","ds"
"frontDesk.save_and_create_visit","সংরক্ষণ ও টোকেন","Save & create visit","frontDesk"
"admin.save_and_next","সংরক্ষণ ও পরের ধাপ","Save & next","admin"
"ds.save_and_print","সংরক্ষণ ও প্রিন্ট","Save & print","ds"
"nursing.save_and_sign","সংরক্ষণ ও স্বাক্ষর","Save & sign","nursing"
"ds.save_and_sms","সংরক্ষণ ও SMS","Save & SMS","ds"
"ds.save_and_whatsapp","সংরক্ষণ ও WhatsApp","Save & WhatsApp","ds"
"ds.save_choice","সংরক্ষণ","Save choice","ds"
"doctorApp.save_draft_offline","খসড়া সংরক্ষণ","Save draft (offline)","doctorApp"
"ds.save_failed","সংরক্ষণ ব্যর্থ","Save failed","ds"
"nursing.save_obs","সংরক্ষণ","Save obs","nursing"
"ds.save_only","শুধু সংরক্ষণ","Save only","ds"
"frontDesk.save_vitals","সংরক্ষণ","Save vitals","frontDesk"
"frontDesk.saved_provider_verified","সংরক্ষিত","Saved — Provider verified","frontDesk"
"ds.saved_10_44","সংরক্ষিত","Saved 10:44","ds"
"nursing.saved_13_52","সংরক্ষিত","Saved 13:52","nursing"
"frontDesk.saved_on_this_tablet_not_on","এই ট্যাবলেটে সংরক্ষিত — সার্ভারে যায়নি","Saved on this tablet, not on server","frontDesk"
"frontDesk.saving_not_saved_yet","সংরক্ষণ হচ্ছে…","Saving — not saved yet","frontDesk"
"frontDesk.saving","সংরক্ষণ হচ্ছে…","Saving…","frontDesk,ds"
"nursing.scan_band_and_medicine_first","আগে স্ক্যান করুন","Scan band and medicine first","nursing"
"shell.scan_barcode","বারকোড স্ক্যান","Scan barcode","shell"
"nursing.scan_medicine","ওষুধ স্ক্যান","Scan medicine","nursing"
"nursing.scan_patient_band","রোগীর ব্যান্ড স্ক্যান","Scan patient band","nursing"
"shell.scan_qr","QR স্ক্যান","Scan QR","shell"
"lab.scan_sample_barcode_to_receive_e","নমুনা বারকোড স্ক্যান করুন","Scan sample barcode to receive (e.g. S-2609-0452)","lab"
"ipd.scan_to_verify","যাচাই করতে স্ক্যান করুন","Scan to verify","ipd,lab"
"erOt.scar_l_forearm_2019_visit_note","বাম হাতে কাটা দাগ","Scar L forearm (2019 visit note)","erOt"
"erOt.scheduled","নির্ধারিত","Scheduled","erOt,network"
"nursing.scheduled_not_due_yet","নির্ধারিত","Scheduled — not due yet","nursing"
"shell.scheduled_maintenance_2_00_2_30","আজ রাত ২:০০–২:৩০ পর্যন্ত রক্ষণাবেক্ষণ চলছে। আনুমানিক ১৮ মিনিট বাকি।","Scheduled maintenance 2:00–2:30 am. About 18 minutes left.","shell"
"network.scope","কী","Scope","network"
"consult.scribe","কথোপকথন থেকে","Scribe","consult"
"shell.search","খুঁজুন","Search","shell,frontDesk"
"journeys.search_by_phone","ফোন দিয়ে খোঁজা","Search by phone","journeys"
"lab.search_catalogue","পরীক্ষা খুঁজুন","Search catalogue","lab"
"frontDesk.search_failed_the_server_did_not","খোঁজা যায়নি — সার্ভার সাড়া দেয়নি। নিচে এই ডিভাইসের ফলাফল।","Search failed: the server did not respond. Showing results from this device.","frontDesk"
"shell.search_patients","রোগী খুঁজুন","Search patients","shell"
"frontDesk.searching","খোঁজা হচ্ছে…","Searching…","frontDesk"
"pharmacy.seclo_batch_expires_in","ব্যাচের মেয়াদ ৬ মাসের কম","Seclo batch expires in","pharmacy"
"shell.see_upgrade_options","আপগ্রেডের তথ্য দেখুন","See upgrade options","shell"
"ipd.seen","দেখা হয়েছে","Seen","ipd,network"
"journeys.select_the_sample_follow_tube_guidance","নমুনা বাছুন, টিউব নির্দেশনা মানুন (CBC-এ EDTA, RBS-এ ফ্লুরাইড), বারকোড লেবেল প্রিন্ট করুন।","Select the sample, follow tube guidance (EDTA for CBC, fluoride for RBS), print the barcode label.","journeys"
"frontDesk.selected","নির্বাচিত","Selected:","frontDesk"
"common.self","নিজে","Self","frontDesk,billing,ipd,owner,ds"
"common.self_pay","নিজে","Self-pay","frontDesk,billing,ds"
"billing.semi_private","সেমি-কেবিন","Semi-private","billing"
"lab.send","পাঠান","Send","lab"
"shell.send_a_bkash_nagad_link_by","SMS-এ bKash/Nagad লিংক পাঠানো যায়","Send a bKash/Nagad link by SMS","shell"
"frontDesk.send_for_review","নিশ্চিত নই — রিভিউতে পাঠান","Send for review","frontDesk"
"lab.send_for_verification","যাচাইয়ে পাঠান","Send for verification","lab"
"ds.send_link","লিংক পাঠান","Send link","ds"
"doctorApp.send_otp","পাঠান","Send OTP","doctorApp"
"billing.send_payment_link","এ লিংক পাঠান","Send payment link","billing"
"network.send_referral","রেফারেল পাঠান","Send referral","network"
"ds.send_report_by_sms","এ রিপোর্ট পাঠান","Send report by SMS","ds"
"network.send_request","রোগীর কাছে অনুরোধ পাঠান","Send request","network"
"ds.send_sms","পাঠান","Send SMS","ds"
"lab.send_to_all","সব মাধ্যমে পাঠান","Send to all","lab"
"lab.send_to_collection","সংগ্রহে পাঠান","Send to collection","lab"
"billing.sending","পাঠানো হচ্ছে…","Sending","billing"
"ds.sending_link","লিংক পাঠানো হচ্ছে…","Sending link…","ds"
"frontDesk.sending_sms","পাঠানো হচ্ছে…","Sending SMS…","frontDesk,billing"
"ds.sending","পাঠানো হচ্ছে…","Sending…","ds"
"common.sent","পাঠানো হয়েছে","Sent","lab,network,ds"
"ds.sent_10_42","পাঠানো হয়েছে ১০:৪২","Sent 10:42","ds"
"consult.sent_to","যাবে","Sent to","consult"
"frontDesk.sent_to_lab","ল্যাবে","Sent to lab","frontDesk"
"billing.sent_to_mahmudul_hasan","অনুমোদনে পাঠানো","Sent to Mahmudul Hasan","billing"
"billing.sent_to_mahmudul_hasan_manager_10","অনুমোদনের অপেক্ষায়","Sent to Mahmudul Hasan (Manager) 10:44. The total below does not include this","billing"
"frontDesk.sent_to_records_officer_for_review","রিভিউতে পাঠানো হয়েছে","Sent to records officer for review","frontDesk"
"pharmacy.sent_to_supplier","পাঠানো","Sent to supplier","pharmacy"
"lab.serology","সেরোলজি","Serology","lab"
"ds.server","সার্ভার","Server","ds"
"common.service","সেবা","Service","billing,ds,print"
"billing.service_not_performed","সেবা দেওয়া হয়নি","Service not performed","billing"
"admin.services_and_tests","সেবা ও পরীক্ষা","Services & tests","admin"
"ds.set_by_admin","অ্যাডমিন সেটিং","Set by admin","ds"
"shell.settings","সেটিংস","Settings","shell"
"shell.setu_is_being_updated","Setu আপডেট হচ্ছে","Setu is being updated","shell"
"frontDesk.several_fields_conflict","অনেক ঘর ভিন্ন — সাবধানে দেখুন","Several fields conflict","frontDesk"
"common.sex","লিঙ্গ","Sex","frontDesk,erOt,print"
"sample.shahidul_islam","শহিদুল ইসলাম","Shahidul Islam","shell,frontDesk,billing,nursing,ds"
"sample.shahnaz_parveen","শাহনাজ পারভীন","Shahnaz Parveen","frontDesk,lab"
"doctorApp.shapla","শাপলা","Shapla","doctorApp"
"shell.shapla_diagnostic","শাপলা ডায়াগনস্টিক","Shapla Diagnostic","shell"
"doctorApp.shapla_diagnostic_dhanmondi","শাপলা ডায়াগনস্টিক, ধানমন্ডি","Shapla Diagnostic, Dhanmondi","doctorApp"
"billing.share","শেয়ার","Share","billing,patientApp"
"journeys.share_for_7_days","৭ দিনের জন্য শেয়ার","Share for 7 days","journeys"
"billing.share_ledger","শেয়ার খাতা","Share ledger","billing"
"owner.share_payable","ডাক্তার/রেফারেল শেয়ার","Share payable","owner"
"shell.shared","শেয়ার","Shared","shell"
"network.shared_record","৩","Shared record","network"
"network.shared_record_view","৩. ক্লিনিক C-তে শেয়ার করা রেকর্ড","Shared record view","network"
"shell.shared_records","শেয়ার করা রেকর্ড","Shared records","shell"
"consult.she_is_in_dr_farhana_islam","াতুন আজ ডা. ফারহানা ইসলামের সিরিয়ালে আছেন। রেকর্ড দেখতে তাঁকে আপনার সিরিয়ালে আনুন অথবা রেফারেল নিন।","She is in Dr. Farhana Islam's queue today. Move her to your queue or receive a referral to open the record.","consult"
"billing.shift_close","শিফট বন্ধ","Shift close","billing"
"billing.shift_closed","শিফট বন্ধ","Shift closed","billing"
"shell.shift_ends_at_2_pm","শিফট শেষ ২টায়","Shift ends at 2 pm","shell"
"shell.shirin","শিরিন","Shirin","shell"
"sample.shirin_akter","শিরিন আক্তার","Shirin Akter","shell,nursing"
"pharmacy.short","কম","Short","pharmacy"
"billing.short_by","কম","Short by","billing"
"ds.show_columns","দেখান","Show columns","ds"
"common.sign","স্বাক্ষর করুন","Sign","shell,consult,admin,ds"
"consult.sign_and_complete","স্বাক্ষর করে চূড়ান্ত করুন","Sign & complete","consult"
"doctorApp.sign_and_send","স্বাক্ষর ও পাঠান","Sign & send","doctorApp"
"network.sign_and_send_back","স্বাক্ষর ও ফেরত পাঠান","Sign & send back","network"
"consult.sign_amendment","সংশোধন স্বাক্ষর","Sign amendment","consult"
"ds.sign_and_finalise","স্বাক্ষর করে চূড়ান্ত করুন","Sign and finalise","ds"
"erOt.sign_disposition","সিদ্ধান্ত স্বাক্ষর","Sign disposition:","erOt"
"erOt.sign_in_before_induction","সাইন ইন","Sign in (before induction)","erOt"
"admin.sign_needs_a_licensed_clinician","স্বাক্ষর শুধু নিবন্ধিত ক্লিনিশিয়ান","Sign needs a licensed clinician","admin"
"ipd.sign_note","স্বাক্ষর","Sign note","ipd"
"shell.sign_out","সাইন আউট","Sign out","shell"
"erOt.sign_out_before_leaving_ot","সাইন আউট","Sign out (before leaving OT)","erOt"
"erOt.sign_post_op_orders","পোস্ট-অপ অর্ডার স্বাক্ষর","Sign post-op orders","erOt"
"ipd.sign_summary","স্বাক্ষর করুন","Sign summary","ipd"
"lab.sign_v2","সংশোধন স্বাক্ষর","Sign v2","lab"
"journeys.sign_the_watermark_goes_the_qr","স্বাক্ষর করুন: জলছাপ যায়, QR আসে, প্রিন্ট খোলে। বাংলা / ইংরেজি / দুটোই।","Sign: the watermark goes, the QR appears and printing unlocks. Bangla / English / both.","journeys"
"common.signed","স্বাক্ষরিত","Signed","consult,ipd,network,ds"
"erOt.signed_sent_to_ward_3b_mar","স্বাক্ষরিত","Signed — sent to Ward 3B MAR","erOt"
"doctorApp.signed_10_46","স্বাক্ষরিত","Signed 10:46","doctorApp"
"nursing.signed_14_0","স্বাক্ষরিত","Signed 14:0","nursing"
"lab.signed_order","স্বাক্ষরিত অর্ডার","Signed order","lab"
"journeys.signing_moves_to_the_next_patient","স্বাক্ষরের পর পরের রোগী","Signing moves to the next patient","journeys"
"common.signing_pin","স্বাক্ষর পিন","Signing PIN","shell,consult,ds"
"shell.signing_sms_and_qr_verification_are","স্বাক্ষর, SMS ও QR যাচাই বন্ধ থাকবে","Signing, SMS and QR verification are paused","shell"
"consult.signing","স্বাক্ষর হচ্ছে…","Signing…","consult,ds"
"frontDesk.similar","প্রায়","Similar","frontDesk"
"consult.since_2020","খাবারের পরে","since 2020","consult"
"erOt.site_marked","স্থান চিহ্নিত","Site marked","erOt"
"erOt.site_marked_right_groin","অপারেশনের স্থান চিহ্নিত","Site marked (right groin)","erOt"
"nursing.situation","পরিস্থিতি","Situation","nursing"
"ds.skip","পরে","Skip","ds"
"nursing.sliding_scale_by_rbs","অনুযায়ী","Sliding scale by RBS","nursing"
"frontDesk.slow_below_50_bpm","ধীর","Slow — below 50 bpm","frontDesk"
"frontDesk.sms_failed_phone_switched_off","পৌঁছায়নি — নম্বর বন্ধ","SMS failed: phone switched off","frontDesk"
"frontDesk.sms_queued_not_sent_yet","অপেক্ষমাণ — অনলাইনে ফিরলে যাবে","SMS queued, not sent yet","frontDesk"
"admin.sms_sender","প্রেরক","SMS sender","admin"
"shell.sms_sent_21","SMS পাঠানো ২১","SMS sent 21","shell"
"frontDesk.sms_the_patient","রোগীকে SMS জানান","SMS the patient","frontDesk"
"shell.sms_waiting_patients","রোগীদের SMS পাঠান?","SMS waiting patients?","shell"
"sample.sohel_rana","সোহেল রানা","Sohel Rana","lab"
"pharmacy.sold","বিক্রি হয়েছে","Sold","pharmacy"
"frontDesk.son","ছেলে","Son","frontDesk,ipd"
"billing.source","উৎস","Source","billing,lab"
"consult.sources_used","উৎস","Sources used","consult"
"erOt.specimen","নমুনা","Specimen","erOt"
"erOt.specimen_labelled","নমুনা লেবেল","Specimen labelled","erOt"
"frontDesk.spo","অক্সিজেন","SpO₂","frontDesk,nursing"
"nursing.spoke_to","কাকে জানিয়েছেন","Spoke to","nursing"
"frontDesk.sreemangal","শ্রীমঙ্গল","Sreemangal","frontDesk"
"ipd.stable","স্থিতিশীল","Stable","ipd"
"ds.staff","স্টাফ","Staff","ds"
"ds.staff_concession","স্টাফ","Staff concession","ds"
"billing.staff_or_relative","স্টাফ / আত্মীয়","Staff or relative","billing"
"billing.staff_relative","স্টাফের আত্মীয়","Staff relative","billing"
"common.start","প্রক্রিয়া","Start","shell,lab,erOt,doctorApp"
"shell.start_consultation","পরামর্শ শুরু","Start consultation","shell"
"consult.start_listening","শুনতে শুরু","Start listening","consult"
"consult.started_12_08_2026","০+০+১","started 12/08/2026","consult"
"shell.stat_sample_received","STAT নমুনা এসেছে","STAT sample received","shell"
"billing.statement","স্টেটমেন্ট","Statement","billing,doctorApp"
"common.status","অবস্থা","Status","billing,lab,pharmacy,ds"
"ipd.stay","অবস্থান","Stay","ipd"
"shell.stay_here","থাকুন","Stay here","shell"
"shell.stay_signed_in","সাইন ইন থাকুন","Stay signed in","shell"
"ipd.step_down","উন্নতি — নিচের শ্রেণিতে","Step-down","ipd"
"lab.sterile_container","জীবাণুমুক্ত পাত্র","Sterile container","lab"
"erOt.sterility_indicator_confirmed","জীবাণুমুক্তি নিশ্চিত","Sterility (indicator) confirmed","erOt"
"pharmacy.stock","মজুদ","Stock","pharmacy"
"pharmacy.stock_does_not_change_until_approved","স্টক অনুমোদন না হওয়া পর্যন্ত বদলাবে না","Stock does not change until approved.","pharmacy"
"owner.stock_value","মজুদ মূল্য","Stock value","owner"
"owner.stock_variance","মজুদ পার্থক্য","Stock variance","owner"
"consult.stop_01_12","থামান","Stop (01:12)","consult"
"shell.store","স্টোর","Store","shell"
"shell.store_and_stock","স্টোর ও মজুদ","Store & stock","shell"
"frontDesk.strong_match_with_glc_240117","এর সাথে জোরালো মিল","Strong match with GLC-240117","frontDesk"
"pharmacy.submit_for_approval","অনুমোদনে পাঠান","Submit for approval","pharmacy"
"pharmacy.substitute_with_same_generic","বিকল্প","Substitute with (same generic)","pharmacy"
"billing.subtotal","মোট","Subtotal","billing"
"ds.suggested_spelling","প্রস্তাবিত বানান","Suggested spelling:","ds"
"pharmacy.suggestion","প্রস্তাব","Suggestion","pharmacy"
"consult.sulfa","অ্যালার্জি","Sulfa","consult"
"sample.sumaiya_akter","সুমাইয়া আক্তার","Sumaiya Akter","frontDesk,patientApp"
"erOt.sumaiya_akter_9y","সুমাইয়া আক্তার","Sumaiya Akter (9y)","erOt"
"sample.sumaiya_rahman","সুমাইয়া রহমান","Sumaiya Rahman","frontDesk,ds"
"ipd.summary","ছাড়পত্র সারাংশ","Summary","ipd"
"consult.summary_shared_with_patient_consent","রোগীর সম্মতিতে সারাংশ ও রিপোর্ট শেয়ার হবে","Summary shared with patient consent","consult"
"network.summary_to_share","সারাংশে যা যাবে","Summary to share","network"
"pharmacy.supplier","সরবরাহকারী","Supplier","pharmacy"
"owner.supplier_dues","সরবরাহকারী বকেয়া","Supplier dues","owner"
"pharmacy.suppliers","সরবরাহকারী","Suppliers","pharmacy"
"erOt.surgeon","সার্জন","Surgeon","erOt"
"erOt.surgeon_critical_steps_duration_blood_loss","সার্জন: জটিল ধাপ, সময়, রক্তক্ষরণ","Surgeon: critical steps, duration, blood loss","erOt"
"ipd.surgery","কনসালট্যান্ট","Surgery","ipd,erOt"
"ipd.surgical_consent","অপারেশনের সম্মতি","Surgical consent","ipd"
"erOt.surgical_consent_signed","অপারেশনের সম্মতি","Surgical consent signed","erOt"
"pharmacy.suspected_loss_investigate","সন্দেহজনক ঘাটতি","Suspected loss — investigate","pharmacy"
"erOt.swabs","সোয়াব","Swabs","erOt"
"shell.switch","বদলান","Switch","shell"
"shell.switch_numerals","সংখ্যা বদলান","Switch numerals","shell,ds"
"shell.switch_organization","প্রতিষ্ঠান বদলাবেন?","Switch organization?","shell"
"shell.switch_to","নতুন","Switch to","shell"
"shell.switching_can_change_your_role_and","বদলালে আপনার ভূমিকা ও প্রবেশাধিকার বদলাতে পারে।","Switching can change your role and access.","shell"
"doctorApp.switching_chamber_switches_which_patients_and","চেম্বার বদলালে প্রবেশাধিকারও বদলায়","Switching chamber switches which patients and records you can see.","doctorApp"
"frontDesk.sylhet","সিলেট","Sylhet","frontDesk"
"admin.synced_28_09","৳ 6.00","Synced 28/09","admin"
"admin.synced_28_09_price_unchanged","৳ 1.20","Synced 28/09 · price unchanged","admin"
"ds.syncing","সিঙ্ক হচ্ছে","Syncing","ds"
"shell.syncing_2_5","সিঙ্ক ২/৫","Syncing 2/5","shell"
"shell.sysmex","বাকি","Sysmex","shell"
"billing.system","সিস্টেম","System","billing"
"nursing.systolic_bp","সিস্টোলিক","Systolic BP","nursing"
"shell.t_begum","তা. বেগম","T. Begum","shell"
"journeys.tablet_1024","ট্যাবলেট ১০২৪","Tablet 1024","journeys"
"sample.tahmina_begum","তাহমিনা বেগম","Tahmina Begum","shell,frontDesk,billing,ds"
"sample.tanvir_hossain","তানভীর হোসেন","Tanvir Hossain","frontDesk,nursing"
"journeys.tap_discounts_above_policy_to_see","“নীতির বাইরে ছাড়” ট্যাপ করুন — কোন বিল, কে দিয়েছে দেখুন।","Tap “Discounts above policy” to see which bills and who gave them.","journeys"
"journeys.tap_a_due_dose_scan_wristband","বাকি ডোজে ট্যাপ করুন, রিস্টব্যান্ড ও ওষুধ স্ক্যান করুন, তারপর “Given”। Held/Refused-এ কারণ লাগে।","Tap a due dose, scan wristband and medicine, then Given. Held or Refused need a reason.","journeys"
"journeys.tap_any_number_for_the_list","প্রতিটি সংখ্যায় ট্যাপ করলে তালিকা","Tap any number for the list behind it","journeys"
"journeys.tap_the_report","রিপোর্টে ট্যাপ করুন","Tap the report","journeys"
"nursing.tasks_due","কাজ বাকি","Tasks due","nursing"
"lab.tat_by_test_median_collection_release","টার্নঅ্যারাউন্ড","TAT by test (median, collection → release)","lab"
"erOt.team_introduced_by_name_and_role","সবাই নাম ও ভূমিকা বলেছেন","Team introduced by name & role","erOt"
"lab.tech_verified","টেকনিক্যাল যাচাই হয়েছে","Tech-verified","lab"
"lab.technical_verification","১. টেকনিক্যাল যাচাই","Technical verification","lab"
"journeys.technologist_verifies_pathologist_validates_with_a","টেকনোলজিস্ট যাচাই করেন, প্যাথলজিস্ট PIN দিয়ে অনুমোদন। জরুরি মানের কল-ব্যাক লগ না হলে অনুমোদন বন্ধ।","Technologist verifies, pathologist validates with a PIN. A critical value needs a logged call-back first.","journeys"
"frontDesk.teknaf","টেকনাফ","Teknaf","frontDesk"
"frontDesk.temp","তাপমাত্রা","Temp","frontDesk,nursing"
"nursing.temp_f","তাপ","Temp °F","nursing"
"frontDesk.temperature_994_f_is_not_possible","তাপমাত্রা ৯৯৪ °F হতে পারে না — আবার দেখে লিখুন।","Temperature 994 °F is not possible — check and re-enter.","frontDesk"
"admin.templates","টেমপ্লেট","Templates","admin"
"consult.templates","টেমপ্লেট","Templates:","consult"
"erOt.temporary","অস্থায়ী","Temporary","erOt"
"erOt.temporary_identity","অস্থায়ী পরিচয়","Temporary identity","erOt"
"billing.tendered","গ্রহণ","Tendered","billing"
"lab.test","পরীক্ষা","Test","lab,admin"
"lab.test_not_offered","পরীক্ষা এখানে হয় না","Test not offered","lab"
"admin.test_ok","পরীক্ষা সফল","Test OK","admin"
"admin.test_sms_delivered","পরীক্ষা পাঠানো","Test SMS delivered","admin"
"shell.tests","পরীক্ষা","Tests","shell,lab"
"billing.tests_not_performed","ও ECG করা হয়নি","Tests not performed","billing"
"network.tests_ordered","পরীক্ষা","Tests ordered","network,ds"
"print.thank_you","ধন্যবাদ","Thank you","print"
"journeys.the_alert_can_t_be_cleared","লগ ছাড়া সতর্কতা বন্ধ হয় না","The alert can't be cleared without a log","journeys"
"billing.the_bill_stays_partially_paid_until","অপেক্ষমাণ টাকা নিশ্চিত না হওয়া পর্যন্ত বিল “আংশিক” থাকবে","The bill stays “Partially paid” until pending amounts confirm.","billing"
"journeys.the_cashier_sees_it_once_the","সার্ভার নিশ্চিত হলে ক্যাশিয়ার জানে","The cashier sees it once the server confirms","journeys"
"journeys.the_centre_sees_nothing_until_chosen","কেন্দ্র বাছাইয়ের আগে কিছু দেখে না","The centre sees nothing until chosen","journeys"
"network.the_centre_sees_only_this_order","বাছাই করা কেন্দ্র শুধু এই অর্ডারের পরীক্ষাগুলো দেখবে","The centre sees only this order, not your history.","network"
"shell.the_link_may_be_old_or","লিংকটি পুরনো বা ভুল হতে পারে। ভর্তি নম্বরটি এই শাখায় নেই।","The link may be old or mistyped. This admission number does not exist at this branch.","shell"
"journeys.the_new_patient_shows_as_occupied","নতুন রোগী “Occupied” — নাম, দিন, MEWS। শয্যায় ক্লিক করে বিস্তারিত দেখুন।","The new patient shows as Occupied with name, day of stay and MEWS. Click a bed for details.","journeys"
"frontDesk.the_phone_number_belongs_to_the","ফোন নম্বরটি বাবার","The phone number belongs to the father","frontDesk"
"shell.the_request_is_logged_and_sent","অনুরোধটি লগ হবে এবং অ্যাডমিনকে SMS যাবে।","The request is logged and sent to the admin by SMS.","shell"
"shell.the_shell_navigation_and_permissions_work","শেল, নেভিগেশন ও পারমিশন এখানে কাজ করছে","The shell, navigation and permissions work here","shell"
"consult.the_signed_version_stays_unchanged_a","অপরিবর্তিত থাকবে। নতুন সংস্করণ কারণসহ তৈরি হবে এবং রোগীর রসিদ/প্রিন্টে “সংশোধিত” দেখাবে।","The signed version stays unchanged. A new version is created with your reason.","consult"
"ds.this_device","এই ডিভাইস","This device","ds"
"shell.this_module_comes_with","ব্যবহার করছে।","This module comes with","shell"
"shell.this_module_u2019s_screens_are_designed","এই মডিউলের স্ক্রিন আলাদাভাবে ডিজাইন করা হবে","This module\u2019s screens are designed separately","shell"
"pharmacy.three_separate_facts","তিনটি আলাদা তথ্য","Three separate facts:","pharmacy"
"journeys.tick_records_choose_dr_farhana_islam","রেকর্ড বাছুন, ডা. ফারহানা ইসলাম, ৭ দিন → শেয়ার।","Tick records, choose Dr. Farhana Islam, 7 days → Share.","journeys"
"common.time","সময়","Time","frontDesk,lab,ds"
"erOt.time_of_death","মৃত্যুর সময়","Time of death","erOt"
"erOt.time_out_before_incision","টাইম আউট","Time out (before incision)","erOt"
"consult.timeline","টাইমলাইন","Timeline","consult,journeys"
"ipd.to","নতুন","To","ipd,network"
"frontDesk.to_billing","বিলিংয়ে","To billing","frontDesk"
"shell.to_collect","সংগ্রহ বাকি","To collect","shell,lab"
"pharmacy.to_dispense","দেওয়া বাকি","To dispense","pharmacy"
"ds.to_do","বাকি","To do","ds"
"frontDesk.to_doctor","ডাক্তারের কাছে","To doctor","frontDesk"
"ds.to_patient","রোগীকে ফেরত","To patient","ds"
"ipd.to_see","দেখা বাকি","To see","ipd,doctorApp"
"shell.to_validate","অনুমোদন বাকি","To validate","shell,lab"
"lab.to_verify","যাচাই বাকি","To verify","lab"
"frontDesk.to_vitals","ভাইটালে পাঠান","To vitals","frontDesk"
"common.today","আজ","Today","frontDesk,ipd,lab,doctorApp,ds"
"frontDesk.today_12_15","আজ ১২:১৫","Today 12:15","frontDesk"
"frontDesk.today_12_30","আজ ১২:৩০","Today 12:30","frontDesk"
"shell.today_until_10_42","আজ ১০:৪২ পর্যন্ত","today until 10:42","shell"
"lab.today_s_qc_not_entered","আজকের QC এখনো দেওয়া হয়নি","Today's QC not entered —","lab"
"shell.today_u2019s_appointments","আজকের অ্যাপয়েন্টমেন্ট","Today\u2019s appointments","shell"
"ds.token","টোকেন","Token","ds"
"frontDesk.tokens_appear_when_the_first_patient","প্রথম রোগী চেক-ইন করলে এখানে দেখাবে। অ্যাপয়েন্টমেন্ট থেকে চেক-ইন করলে টোকেন নিজে থেকে তৈরি হয়।","Tokens appear when the first patient checks in.","frontDesk"
"frontDesk.told_by_father","বাবা বলেছেন","Told by father","frontDesk"
"frontDesk.told_by_guardian","অভিভাবক বলেছেন","Told by guardian","frontDesk"
"frontDesk.told_by_patient","রোগী বলেছেন","Told by patient","frontDesk"
"lab.tomorrow","আগামীকাল","Tomorrow","lab"
"frontDesk.tongi","টঙ্গী","Tongi","frontDesk"
"common.total","মোট","Total","billing,lab,pharmacy"
"ds.total","মোট","Total —","ds"
"pharmacy.total_mrp","মোট","Total (MRP)","pharmacy"
"shell.total_collected","মোট সংগ্রহ","Total collected","shell"
"ipd.transfer","স্থানান্তর","Transfer","ipd"
"ipd.transfer_now","স্থানান্তর করুন","Transfer now","ipd"
"erOt.transport","পরিবহন","Transport","erOt"
"consult.trends","ল্যাব ট্রেন্ড","Trends","consult"
"erOt.triage_vitals","ভাইটাল","Triage vitals","erOt"
"lab.tsh_ft4","ফারজানা আক্তার","TSH, FT4","lab"
"lab.tube_guidance","টিউব নির্দেশিকা","Tube guidance","lab"
"ipd.turnover","শয্যা প্রস্তুতির সময়","Turnover","ipd"
"billing.type","ধরন","Type","billing"
"consult.type_2_diabetes_mellitus","টাইপ ২ ডায়াবেটিস","Type 2 diabetes mellitus","consult,admin"
"shell.type_a_command","কী করতে চান?","Type a command","shell"
"ds.type_a_command_or_search","কী করতে চান?","Type a command or search…","ds"
"frontDesk.type_a_phone_number_or_name","রোগী খুঁজতে ফোন নম্বর বা নাম লিখুন","Type a phone number or name","frontDesk"
"journeys.type_the_phone_number_five_family","ফোন নম্বর লিখুন। এক নম্বরে পাঁচজন — একজন সম্ভাব্য ডুপ্লিকেট। সেটি খুলুন।","Type the phone number. Five family members share it and one is a possible duplicate — open it.","journeys"
"consult.typhoid","টাইফয়েড","Typhoid","consult"
"consult.typhoid_fever","টাইফয়েড জ্বর","Typhoid fever","consult,admin"
"erOt.unassigned","অপেক্ষমাণ","Unassigned","erOt"
"owner.unbilled_services","বিল ছাড়া সেবা","Unbilled services","owner"
"network.unconscious","অজ্ঞান রোগী","Unconscious","network"
"consult.understands_mixed_bangla_english_nothing_is","বাংলা ও ইংরেজি মিশ্র কথা বোঝে","Understands mixed Bangla–English. Nothing is added to the note automatically.","consult"
"frontDesk.underweight","কম ওজন","Underweight (","frontDesk"
"frontDesk.undo","ফিরিয়ে নিন","Undo","frontDesk,billing"
"erOt.unknown_and_merge","অজ্ঞাত রোগী","Unknown & merge","erOt"
"lab.unknown_barcode","অজানা বারকোড","Unknown barcode","lab"
"erOt.unknown_identity","অজ্ঞাত","Unknown identity","erOt"
"erOt.unknown_male_40y","অজ্ঞাত পুরুষ ~৪০ব","Unknown male ~40y","erOt"
"erOt.unknown_patient","অজ্ঞাত রোগী","Unknown patient","erOt"
"shell.unpaid","অপরিশোধিত","Unpaid","shell,billing"
"nursing.unresponsive","সাড়া নেই","Unresponsive","nursing"
"frontDesk.unsaved","এখন লেখা হচ্ছে","Unsaved","frontDesk"
"shell.unsigned_notes","স্বাক্ষর বাকি","Unsigned notes","shell"
"journeys.until_validated_the_report_is_preliminary","অনুমোদনের আগে রিপোর্ট “প্রাথমিক”","Until validated the report is PRELIMINARY","journeys"
"common.unverified","অযাচাইকৃত","Unverified","shell,frontDesk,ds"
"frontDesk.upazila","উপজেলা / থানা","Upazila","frontDesk"
"shell.upgrading_keeps_all_existing_data","আপগ্রেড করলে ইতিমধ্যে থাকা তথ্য অপরিবর্তিত থাকে।","Upgrading keeps all existing data.","shell"
"consult.urgency","জরুরি","Urgency","consult,network"
"common.urgent","জরুরি","Urgent","consult,lab,erOt,ds"
"ds.urgent_2","জরুরি","Urgent (2)","ds"
"frontDesk.urgent_condition","জরুরি অবস্থা","Urgent condition","frontDesk"
"nursing.urgent_doctor_review","জরুরি পর্যালোচনা","Urgent doctor review","nursing"
"consult.urinary_tract_infection_site_not_specified","প্রস্রাবে সংক্রমণ","Urinary tract infection, site not specified","consult"
"nursing.urine","প্রস্রাব","Urine","nursing"
"lab.urine_c_s","শহিদুল ইসলাম","Urine C/S","lab"
"lab.urine_r_e","তাহমিনা বেগম","Urine R/E","lab"
"frontDesk.use_dd_mm_yyyy","আকারে লিখুন","Use DD/MM/YYYY","frontDesk"
"admin.user","ব্যবহারকারী","User","admin"
"shell.users","ইউজার","Users","shell"
"shell.users_and_roles","ব্যবহারকারী","Users & roles","shell,admin"
"lab.usg_whole_abdomen_network","শাহনাজ পারভীন","USG whole abdomen (network)","lab"
"consult.usually_about_10_seconds","সাধারণত ১০ সেকেন্ড","Usually about 10 seconds","consult"
"frontDesk.uttara","উত্তরা","Uttara","frontDesk,owner"
"shell.uttara_branch","উত্তরা শাখা","Uttara branch","shell"
"ipd.vacant","খালি","Vacant","ipd"
"billing.valid","মেয়াদ","Valid","billing"
"common.validate","অনুমোদন","Validate","shell,lab,ds"
"network.validate_and_release_dr_kaniz_fatema","যাচাই ও প্রকাশ","Validate & release (Dr. Kaniz Fatema)","network"
"lab.validate_first","অনুমোদনের পর প্রকাশ","Validate first","lab"
"lab.validated","অনুমোদিত","Validated","lab"
"journeys.validation","যাচাই ও অনুমোদন","Validation","journeys"
"lab.validator","প্যাথলজিস্ট","Validator","lab"
"lab.value","মান","Value","lab,pharmacy"
"billing.variance","পার্থক্য","Variance","billing"
"pharmacy.variance_reason","পার্থক্যের কারণ","Variance reason","pharmacy"
"pharmacy.variance_value","পার্থক্যের মূল্য","Variance value","pharmacy"
"lab.verification","যাচাই","Verification","lab"
"common.verified","যাচাইকৃত","Verified","shell,frontDesk,consult,admin,ds"
"billing.verify","যাচাই","Verify","billing,lab"
"ds.verify_now","যাচাই করুন","Verify now","ds"
"shell.verifying","যাচাই বাকি","Verifying","shell"
"consult.version_history","সংস্করণ ইতিহাস","Version history","consult"
"consult.versions","সংস্করণ","Versions","consult"
"frontDesk.very_fast_tell_the_doctor","খুব দ্রুত","Very fast — tell the doctor","frontDesk"
"frontDesk.very_high_tell_the_doctor_now","খুব বেশি — এখনই ডাক্তারকে জানান","Very high: tell the doctor now","frontDesk"
"frontDesk.very_low_give_sugar_tell_the","খুব কম","Very low — give sugar, tell the doctor","frontDesk"
"frontDesk.very_low_tell_the_doctor_now","অক্সিজেন খুব কম","Very low — tell the doctor now","frontDesk"
"lab.via","মাধ্যম","Via","lab"
"nursing.vial_or_strip_barcode","ভায়াল/স্ট্রিপের বারকোড","Vial or strip barcode","nursing"
"shell.view","দেখা","View","shell,admin"
"billing.viewing_as","দেখছেন","Viewing as","billing"
"journeys.viewing_is_logged","দেখা লগ হয়","Viewing is logged","journeys"
"common.visit","ভিজিট","Visit","consult,billing,ds"
"doctorApp.visiting_own_patients_only","প্রবেশ: শাপলা রোগী","Visiting — own patients only","doctorApp"
"shell.visiting_consultant","ভিজিটিং কনসালট্যান্ট","Visiting consultant","shell"
"owner.visits","ভিজিট","Visits","owner"
"common.vitals","ভাইটাল","Vitals","frontDesk,nursing,journeys"
"journeys.vitals_appear_read_only_in_the","ভাইটাল ডাক্তারের নোটে শুধু-পড়া হিসেবে যায়","Vitals appear read-only in the doctor's note","journeys"
"frontDesk.vitals_done","ভাইটাল নেওয়া","Vitals done","frontDesk"
"frontDesk.vitals_station_1_vt_02","নার্স শিরিন আক্তার","Vitals station 1 (VT-02)","frontDesk"
"doctorApp.voice_ai_draft","ভয়েস ডিক্টেশন","Voice (AI draft)","doctorApp"
"ds.void_manager_only","বাতিল","Void — manager only","ds"
"ds.void_bill","বিল বাতিল","Void bill","ds"
"ds.void_this_bill","বিল বাতিল করবেন?","Void this bill?","ds"
"nursing.vomit","বমি","Vomit","nursing"
"common.waiting","অপেক্ষমাণ","Waiting","frontDesk,ipd,lab,erOt,doctorApp,ds"
"billing.waiting_for_approval","অপেক্ষমাণ","Waiting for approval","billing"
"billing.waiting_for_customer","অপেক্ষমাণ","Waiting for customer","billing"
"billing.waiting_for_mahmudul_hasan_no_money","অনুমোদনের অপেক্ষায়","Waiting for Mahmudul Hasan. No money moves until approved.","billing"
"billing.waiting_for_manager","অনুমোদনের অপেক্ষায়","Waiting for manager","billing"
"pharmacy.waiting_for_owner","অপেক্ষমাণ","Waiting for Owner","pharmacy"
"consult.waiting_for_server_still_a_draft","সার্ভারের নিশ্চিতকরণের অপেক্ষা — এখনো খসড়া","Waiting for server — still a draft","consult"
"ds.waiting_for_the_server_still_a","সার্ভারের নিশ্চিতকরণের অপেক্ষা…","Waiting for the server. Still a draft.","ds"
"shell.waiting_now","এখন অপেক্ষায়","Waiting now","shell"
"frontDesk.waiting_room_tv_live","ডিসপ্লে চালু","Waiting-room TV live","frontDesk"
"frontDesk.waiting_room_tv_not_responding_call","ওয়েটিং রুমের TV সাড়া দিচ্ছে না — রোগীদের মুখে ডাকুন।","Waiting-room TV not responding — call patients by voice.","frontDesk"
"frontDesk.walk_in","ওয়াক-ইন যোগ","Walk-in","frontDesk"
"billing.ward","সাধারণ ওয়ার্ড","Ward","billing,ipd"
"ds.ward_general","শয্যা শ্রেণি","Ward (general)","ds"
"erOt.ward_and_bed","ওয়ার্ড / শয্যা","Ward & bed","erOt"
"ipd.ward_2a_bed_07","ওয়ার্ড / শয্যা","Ward 2A · Bed 07","ipd"
"journeys.ward_in_charge","ওয়ার্ড ইনচার্জ","Ward in-charge","journeys"
"ipd.ward_notified_guardian_sms_delivered_10","ওয়ার্ডে জানানো হয়েছে, অভিভাবককে SMS পাঠানো হয়েছে","Ward notified, guardian SMS delivered 10:54","ipd"
"admin.wards_and_beds","ওয়ার্ড ও শয্যা","Wards & beds","admin"
"lab.warning_review_trend_results_may_be","সতর্কতা","Warning — review trend, results may be released.","lab"
"frontDesk.week","সপ্তাহ","Week","frontDesk"
"frontDesk.weight","ওজন","Weight","frontDesk,ds"
"lab.westgard","নিয়ম","Westgard","lab"
"admin.what","কী","What","admin"
"consult.what_becomes_final","যা চূড়ান্ত হবে","What becomes final","consult,ds"
"frontDesk.what_is_being_registered_now","এখন যে তথ্য লেখা হচ্ছে","What is being registered now","frontDesk"
"consult.where","কোথায়","Where","consult"
"frontDesk.whose_number","এই নম্বর কার?","Whose number?","frontDesk"
"frontDesk.why_move","ক্রম বদলের কারণ","Why move","frontDesk"
"pharmacy.why_suggested","কারণ","Why suggested","pharmacy"
"frontDesk.wife","স্ত্রী","Wife","frontDesk"
"frontDesk.with_doctor","ডাক্তারের কাছে","With doctor","frontDesk"
"pharmacy.with_variance","পার্থক্য আছে","With variance","pharmacy"
"shell.within_30_days","৩০ দিনের মধ্যে","Within 30 days","shell"
"network.within_7_days","জরুরি","Within 7 days","network"
"frontDesk.within_range","স্বাভাবিক সীমায়","Within range","frontDesk"
"billing.within_your_limit_applied_now_shows","আপনার সীমার মধ্যে","Within your limit — applied now. Shows on the receipt with category and reason.","billing"
"pharmacy.without_a_prescription_only_otc_items","প্রেসক্রিপশন ছাড়া শুধু OTC ওষুধ","Without a prescription only OTC items can be sold.","pharmacy"
"nursing.wound_dressing","ক্ষত ড্রেসিং","Wound dressing","nursing"
"nursing.wristband_qr","রিস্টব্যান্ডের QR","Wristband QR","nursing"
"nursing.write_the_note_bangla_or_english","নোট লিখুন","Write the note (Bangla or English)","nursing"
"lab.wrong_container","ভুল টিউব","Wrong container","lab"
"billing.wrong_service_billed","ভুল সেবা","Wrong service billed","billing"
"print.wt","ওজন","Wt","print"
"shell.x_ray_chest_pa","মো. করিম উদ্দিন","X-ray chest PA","shell,lab"
"billing.yes","হ্যাঁ","Yes","billing"
"shell.yesterday_18_20","গতকাল ১৮:২০","Yesterday 18:20","shell"
"journeys.yesterday_s_cash","গতকালের ক্যাশ","Yesterday's cash","journeys"
"journeys.yesterday_s_cash_variance","গতকালের ক্যাশ গরমিল","Yesterday's cash variance","journeys"
"billing.you_don_t_have_access_to","এই খাতা দেখার অনুমতি নেই","You don't have access to this ledger","billing"
"shell.you_don_u2019t_have_access_to","এই পেজে আপনার প্রবেশাধিকার নেই","You don\u2019t have access to this page","shell"
"shell.you_will_see_only_shapla_diagnostic","শুধু শাপলা ডায়াগনস্টিকের রোগী ও সিরিয়াল দেখবেন","You will see only Shapla Diagnostic\u2019s patients and queue","shell"
"shell.you_will_see_uttara_branch_patients","উত্তরা শাখার রোগী ও বিল দেখবেন","You will see Uttara branch patients and bills","shell"
"shell.your_access_changes","আপনার প্রবেশাধিকার বদলাবে","Your access changes","shell"
"doctorApp.your_chambers","আপনার চেম্বার","Your chambers","doctorApp"
"billing.your_limit","আপনার সীমা","Your limit","billing"
"shell.your_prescription_templates_and_signature_come","আপনার প্রেসক্রিপশন টেমপ্লেট ও স্বাক্ষর সঙ্গে যাবে","Your prescription templates and signature come with you","shell"
"shell.your_role","আপনার ভূমিকা","Your role","shell"
"shell.your_session_is_about_to_end","আপনার সেশন শেষ হতে চলেছে","Your session is about to end","shell"
"format.money","৳ {amount}","৳ {amount}","lib"
"format.moneyInWords","{words} টাকা মাত্র","Taka {words} Only","lib"
"format.date","{dd}/{mm}/{yyyy}","{dd}/{mm}/{yyyy}","lib"
"format.age","{y} বছর {m} মাস {d} দিন","{y}y {m}m {d}d","lib"
"format.dose","{m}+{n}+{e}","{m}+{n}+{e}","lib"
"format.days","{n} দিন","{n, plural, one {# day} other {# days}}","lib"
"format.notSynced","{n}টি সিঙ্ক বাকি","{n} not synced","lib"
"format.stepOf","ধাপ {i} / {n}","Step {i} of {n}","lib"
"format.serverConfirmed","সার্ভার নিশ্চিত · {time}","Server confirmed · {time}","lib"
"format.shareUntil","{to} {date} পর্যন্ত দেখতে পারবেন","{to} can view until {date}","lib"